Review,Label
최근에 본 영화 중 가장 재미있어요!!,1
다들 영화 전문가 되셨네.  난 괜찮았음.,1
다 좋은데 전투 중에 감상적인 장면은 최대한 짧게 가자 적군이 기다려주냐 흐름 확 깨버리잖아,1
괜찮아요 ^^ 평점은 별로라서 기대 안 했어요 ~~의외로 재밌게 봤어요,1
솔직히 볼만했음,1
이 정도면 볼만하지 이놈들아 ㅋㅋ,1
볼만함.,1
최고,1
네티즌 평점 이제 안 믿기로.  재밌었다.,1
이정현 엄마 연기 정말 잘하네요~~ 애들을 위해서 죽으려다가 애들을 위해서 필사적으로 살려고 하는 장면이 정말 감동적이었습니다. 애들도 연기 너무 잘하고요~~~ 액션이나 스토리 전개가  뭔가 흉내 낸 것 같은 느낌은 조금 들었지만 금세 잊고 몰입이 되었던 영화였습니다.,1
넘나 재밌었다. 폭염을 뚫고 극장 가서 봤는데 진짜 두 번 보고 싶었다. 살아있다 와 비교할 수가 없다 백만 배 재밌다.,1
아역들 연기가 좋았음~~,1
창현이랑 봐서 재밌고 좋았네요 흐흐 크라앙,1
민식이랑 봐서 좋았음,1
"시체들이 돌아다니고 가족이 죽고 그런 경험을 가진 군인이 민간인처럼 대처하는 모습이 이상했고, 긴박한 상황에 강동원은 순간순간 멍 때리며 상황을 확인하며 구경하는듯한 모습과 늦장 대응이 답답하다. 머리 회전이 늦어 보이는 강동원의 연기가 부족하게끔 보이는 감독의 센스가 좀 떨어진다. 하지만  전체적으로 발전한 한국 액션이었다고 생각됩니다... 액션은 액션답게 눈물은 짧고 강 열하게 마감되었어 면 ........... 하는 아쉬움이 남는다 부산행처럼 대작이 될 수 있었는데",1
"지옥 같은 환경에서도 희망을 꿈꾸는 사람들, 지옥 같은 환경을 더욱 지옥같이 만드는 인간들의 차이는 무엇일까...? 한계적 상황에서 인간 각자가 갖고 있는 &#39;선의&#39;와 &#39;악의&#39;는 드러난다는 주제가 좋았다!  지옥 같은 환경에서도 자식을 지키려는 엄마 역할의 이정현의 연기는 손색이 없고, 강동원의 연기 또한 나쁘지 않았다... 특히, 아역배우들의 연기가 너무 좋았다! 이레라는 아역배우가 기대된다!",1
평점이 별로라 기대 안 했는데 재미있게 봤어요^^,1
의외로 재밌게 봤어요,1
재미있던데..,1
한국적인 요소가 웃음을 준다. 걸 그 넘버원!,1
그냥 봤는데  재미있어 음  외국 좀비 영화보다   현실적  ...,1
부산행 보다 재미있었다.  결말도 좋았음.. 여자아이  아역 연기 정말 잘하네요.   강동원 너무 멋짐.,1
쓰레기 영화라고 하실래 기대 없이 봤는데.. 재밌던데.. ᄏ 따지려고 들지 말고 스토리에 불만 없이 조면 재밌는 영화 ㅋ,1
사람들이 재미없다길래  별 기대 안 하고 봤는데 저는 너무 재밌던데요 재미없다고 하는 사람들이 이해가 안 감,1
평이 안 좋아서    그랬는데 재미나게  보았다,1
재밌었어요~,1
어제 반도 보고 왔습니다 저는 다른 사람들과 달리 10점을 줍니다 연기 떠나서 지금 우리 대한민국을 보여주는 것 같다는 생각 들더군요 지금 우리나라 보세요 전국으로 코로나 19 확진자 여기저기서 집단감염 계속 나오죠 점점 심각해지겠다는 생각 들더군요 반도에서는 한국이 좀비 도시로 변했고 거기서도 살아있는 사람들끼리도 돈 때문에 죽이고  노름하고 반도는 현실과 많이 비슷해 보였어요 ㅠㅠ 사람들끼리  온갖 거짓말과  속고 속이는 세상으로 변해가는 것 같아요  거리두기 하라 경계하라 마스크 써라 모임 하지 말라  우리 지금 한국도 반도 영화와 다를 봐 없습니다 ~~ ㅠ 보고 나서 마음이 찡하더군요 ~~ 반도 보면 살아있는 사람을 잡아다 가둬놓고 몸에다 번호 쓰고 좀비 풀어주고 내기 노름 같은 거 하고  세상 사람들이 노름과 돈에 빠져서 본심을 잊어버리는 것 같았습니다 사랑교회와 광화문 집회뿐만 아니라 모든 사람들이 돈에 빠져 사는 것 같다는 생각 들었습니다,1
난 부산행 보다 재밌게 봤는데.. ?,1
부산행 보다 난 더 낫다고 생각 우리나라 좀비 영화 치곤 괜찮네 ㅋㅋ한 8점 살아있다를 먼저 봐서 그런가??그에 비하면 10점임!! 전체 평점이 낮아서 10점 줘야겠음,1
다운로드해서 봤어요 재밌는데 그에 비해 흥행을 못한 거 같지 않아요? 강동원 때문인가???;;;,1
자동차 추격신이나 스릴감이 좋네요,1
난 재밌게 봤어요  자동차 추격신 숨 쉴 틈 없이 빠른 액션이 조마조마 손에 땀을 쥐게 하던데요 부산행 보다 더 재밌게 본 거 같네요  한시도 눈을 떼지 못하고 봤어요,1
재미만 있구먼,1
휘몰아치는 신파에 눈 둘 데가 없으며 조심스레 흘러내리는 액션에 입만 벙긋할 뿐이다  결론:연상호는 뭐 하는가? 가 서 김용화한테 좀 배워라,1
재미있어요,1
자동차씬엔 신경을 많이 쓴듯한데... 좀비씬 비중이 너무 적어서 긴장감 자체가 많이 부족했던 거 같아 아쉽네요,1
잘 만든 영화입니다. 연기자들도 모두 호연이고요. 시대가 겹쳐져서 너무 무서웠어요. 모두 건강하게 이겨내고 보통의 시절이 돌아오기를 바라봅니다.,1
좀 부자연스러운 건 있지만 자동차 신이 볼만함,1
"안 좋은 평들이 하도 많아서 큰 기대는 없이 봤지만 카 체이싱에서의 부자연스러움.. 마무리 부분의 좀 늘어지는 템포 제외하면 꽤 좋았습니다. 각자 다른 취향은 존중할 수 있겠지만 1,2점 주면서 터무니없는 비방으로 악플 테러하는 건 좀 자제했으면.. 하는 작은 바람이 있습니다.",1
"오락물로는 8점, 부산행 후속편으로는 개연성이 없어 5점",1
기대 없이 봐서인지 괜찮았음ㅎ  그 좀비 풀고 싸우고 하는 장면은 너무 잔인했네요..,1
좀 끔찍하긴 했지만  부산행 보다 훨씬 재밌었는데,1
상징성을 가진 영화네요. 태극기 휘날리며의 이미지도 살짝 연상되었고요. 잘 봤습니다.,1
그냥 무난하게 시간 때우기로 잘 봤습니다~~,1
스릴은 넘치는데 반도라는 표현과 대한민국 폭만에 바이러스나 라라는 오명 설정은 최악이었고 마지막에 미국이 구해주는 장면도 최악임 미국 아니면 이 나라는 못사나ㅡㅡ,1
재밌기만 하네 ㅎ 잘 봤어요,1
와아 역시 반도...! 오우 완전 무대를 뒤집어 놓으셨다 진짜 최고의 영화! 안녕하세요 48세입니다...^^ 영화 시청을 해 보았는데 제 인생 영화는 아니지만 긴 생머리 강동원 씨가 너무 잘생겨서 인생 영화가 됐습니다 별이 10개?!?!,1
취향 존중을 부탁드립니다. ^^ 이런 유의 영화가 별로였던 분들의 취향을 존중하지만 나름 재미있게 감상한 1인입니다. ^^,1
기대 1도 안 하고 봐서 그런지 몰라도 개인적으로 잘 봤어요~,1
말이 필요 없음!! 최고!!,1
그래도 볼만한데...??,1
평점 보고 볼까 말까 고민했었는데 나름 재밌네요~~,1
재미만 있는 디 평점 없애라  자기들이 다 비평가냐 ㅋㅋㅋ,1
별점 테러를 위해 중국 사업자까지 동원하는 상도를 벗어난 범죄 행위는 이제 엄벌에 처해야 한다!!   이 작품은 적어도 7.5점 이상은 되어야 하는 완성도 영화입니다. 안 보신 분은 반드시 보세요! 있을 것 다 있는  잘 만든 액션 영화입니다. 별점과 소감에 더러운 거짓말 좀 하지 말고 십니다 ㅡㅡ.,1
재미있게 봤습니다.,1
나만 재밌게 봤나? 중간에 게임 장면은 좀 보기 힘들긴 했는데 액션이랑 스토리 같은 거 괜찮았는데 기대를 안 하고 봐서 더 재밌었던 듯,1
"그냥저냥 볼만함. 추격신 베리 굿, 나머지 인물 묘사, 스토리 플롯은 뷁",1
이 정도면 노력 점수라도 줘야 하는 거 아냐? 재미만 있구먼,1
조선판 좀비+매드맥스 짬뽕 잡탕 영화입니다.. 그리고 봉고트럭과 모하비는 좋은 차입니다.. 튼튼하더군요 처음 알았습니다.,1
허구도 이런 허구가 없습니다 ㅋㅋㅋㅋ  근데 매드맥스는 왜 흥행했을까요??  수작입니다. 한국 영화 발전 많이 했네요 정말^^ 잘 봤어요,1
나쁘지 않습니다. 시간 낭비도 아니고요.  가슴 쫄깃한 긴박감도 있고 꽤 탄탄합니다.   뭐 타이어가 절대 안 터진다 그 부분과 마지막 부분은 쪼금 개연성이 떨어진다 하더라도 뭐 그 정도야 영화가 되려면 당연히 필요한 부분이고.. 자식이 생겨서 그런지 이정현과 딸들 부분은 완전히 몰입되던데요... 그리고 서 대위는 어떻게 해서 그 부대에서 막강한 권력을 가지게 됐는지 좀 더 설명이 있었으면 했고요~ 목소리 톤이 매우 가볍게 연출된 것이 캐릭터 몰입하기 좋았습니다. 강동원 보고 멋있다고 느낀 건 이번이 처음이었네요.,1
발암 유발 영화,1
이 정도면 액션 신도 괜찮고 긴장감도 있고.. 볼만했는데.. 평점이 너무 낮네요.. 다들 수준이 얼마나 높다고 이렇게 깔아 뭉기는지 이해가 안가네요.. 그냥 평점 신경 쓰지 말고 한 번쯤은 볼만한 영화에요~~,1
아직 안 봤는데 평점 써진다,1
재밌게  봤어요,1
"오~ 영화 잘 만들었네요. 모성애가 시작과 끝에서 너무 감동적으로 잘 표현되었고, 스토리도 좋았네요.^^",1
아주 잠깐 지루하긴 했지만 자동차 운전 장면도 긴장감 넘치고 전체적으로 재밌고 사람의 추악한 면이 잘 보였던 것 같아요. 아쉬운 점이 있다면 16~18살 정도로 보이는 딸이 있는 엄마가 너무 젊다는 것..? 그리고 조금 뻔한.. 그래도 너무 재미없을 정도는 아닌데 왜 이렇게 별점 테러를 당했는지 궁금하네요,1
"영화 보는 내내 긴장되고,, 액션이 조금 만화 같은 느낌도 있으나 (좀비 영화 특성상 액션이 현실적일 수가 없음) 이 정도 잘빠진 액션신이 쉴 새 없이 나오는 건 한국 영화에서 보기 힘듦. 특히 카 레이싱 액션신은 할리우드 영화 안 부러움. 배경도 어둡고 폐허가 된 한반도를 잘 표현함. 연기자들 연기도 좋음. (이정현을 다시 보게 되었고 맹랑한 큰딸의 연기가 좋음) 군인들이 미치광이가 되었고 사람으로 놀이하는 건 좀 너무 잔인하고 이해하기 힘듦 (하지만 긴장감은 최고,,) 하지만 전체적으로 몰입도 높은 영화. 숨쉬기가 힘들 정도로 긴장되는 신이 많음.  영화를 영화적으로만 보는 외국에서 더 많이 볼 수도 있겠다 싶음. 평점 테러하러 오신 분들 말 믿지 말고 꼭 보길,, 한국 영화 중에 이만큼 잘빠진 액션 영화 보기 정말 보기 힘듭니다.",1
자본은 좀비보다 생존력이 강하다.  좀비는 욕망에 미친 그들에게 건너 갔다. 거대 자본도 그렇게 넘어간다.,1
영화 잘 봤습니다 저는 만족해요^^~ 끝장면이 기억에 남네요,1
난 왜 재밌죠,1
솔직 리뷰 하도 악평이 많아서 기대 없이 봤는데 그럭저럭 괜찮았음 좀 지루한 부분도 몇 있었지만 평점 테러 수준도 아니었고 배우들 연기도  몇 명 빼고 괜찮았음,1
난 재밌더구먼 이렇게 평점 테러 할 정도는 아니잖아?,1
재미있어요 ㅎㅎ 왜 평점이 낮은 건지,1
난  재밌게 봤는데 평점이 왜 이렇게 낮을까요?,1
볼만하구먼 평점이 너무 하네,1
전 재밌습니 댜,1
자동차 추격신은 매드맥스가 생각나기도 하고.... 전 재밌게 잘 봤습니다.,1
와. 우. 정. 말. 재. 미.었. 다. 또. 보. 고. 싶. 은. 걸,1
영화라 생각하고 볼거리 생각만 하고 보면 시간 가는 줄 모르고 볼만한 영화. 하지만 급할 땐 급한 흐름으로 여유 있을 땐 여유 있는 흐름으로 가는 게 상식인데 1초가 아까운 급박한 상황에서 꾸물거리는 신이 답답하게 느껴짐.,1
완전 재밌음... 이상하게 평점이 왜 낮지? 영화 적극 추천합니다. 또 보고 싶다.,1
평점 보고 어쩔까 하고 봤더니 볼만하구먼..,1
좀비 영화 치곤 괜찮아요~ 기아자동차를 위한 영화~ 최강 모하비네~,1
호불호가 있는 거 같은데 좀비 영화치고는 재밌었다,1
볼만하구먼... 평점이 왜 이따위 짓?,1
"연상호의 상상력 좋다! 폐허 속에서도 사람은 산다. 미친 생존력. 조연들의 역할이 두드러지게 좋았다. 자동차 추격전은 &lt;매드맥스&gt;를 따라 한 느낌이 진했지만, 또 마지막 메시지는 &lt;인생은 아름다워&gt;를 오마주한 것 같지만, 오락물로 꽤 괜찮다.",1
나만.. 재밌게 봤나......,1
평점 조정.... 좀비 영화치곤 평타는 치는구먼,1
부산행을 기대했던 관객들이 실망점 수을 던져서 평점이 낮은 듯. 좀비물이 아니라 액션 영화라고 생각하고 보시면 될 듯.  관객을 납득시키는 개연성이 조금 부족해서 그렇지. 그냥 시간 보내기용으로 보시면 재밌어요. 평점처럼 못 만든 영화는 아님.  시간 잘 가네요 ㅋ,1
영화를 영화로 안 보는 사람이 왜 이렇게 늘어난 거지? ㅎㅎㅎ 나름 재밌어요. 근데 마지막이 좀 웃기긴 해요 ㅎㅎㅎ,1
스토리나 배경은 너무 좋은데 영화제작 능력이 좀 아쉽다.,1
"영화 자체는 잘 만든 영화이고 스토리 자체도 재미있다. 몰입도 도 좋은 편. 단,  중간중간 개연성 떨어지는 전개에다 약간 비현실적인 설정이 있으나 과하지 않고 그 정도는 이런 유의 영화에서는 충분히 용인할 수 있는 정도임. 마지막에 과도하게 신파로 흐르는 경향이 있던데 솔직히 감독이 왜 그랬는지 좀 이해불가하네. 아마 그 부분 때문에 평점이 매우 낮게 나온 것으로 보이고 이 영화의 가장 큰 패착임. 영화란 게 원래 다 보고 나면 마지막 부분이 가장 많이 여운에 남게 되는데 마지막을 그리 망쳐놨으니... 그리고 개인적으로 좀 아쉬운 부분은 그 군부대원들이 사람들 잡아다 좀비와의 생존게임 벌이는데 그들이 왜 그런 게임에 몰두하게 되는지, 왜 그럴 수밖에 없었는지에 대한 설명이나 그들 내면에 대한 묘사가 없었던 게 아쉬웠고 만약 그 부분이 섬세하게 표현되었다면 한 단계 업그레이드 가능한 영화가 될 수 있었을 듯.",1
좀비보다 인간 vs 인간 어쩌면 진짜 그럴 수도... 부산행의 날선 이빨이.. 좀 무뎌졌지만.... 보는 즐거움은 남아있다..,1
"좀비 영화에 화려한 액션, 카액션 넣은 영화는 본 적이 없다. 잘 만들었다고 칭찬하고 싶다.",1
좋은 영화네요,1
대박...,1
볼 때마다 움 ㅡㅡ 40대 남자인데. 와이프가 이제는 왜 우냐고 머라 할 정도로,1
정말 따뜻한 영화. 그림도 노래도 스토리도 최고다!!,1
진짜 펑펑 울었어요. 가족 생각이 많이 나요,1
길이 남을 명작,1
감동적이고 참 재밌네요 음악과 영혼들의 세 개를 한 번에 둘 다 본 것 같아요,1
감동,1
가족은 죽어도 기억하고 추억할 영원한 가족 감동으로 눈물이...,1
눈물이 멈추질 않네,1
"영상, 음악, 스토리, 그 모든 것이 아름다운 영화였다.",1
매력적인 영화다. 그런데 외로운 사람을 더 외롭게 하는 영화다. 멕시코의 전통이 음악과 함께 가족이라는 주제로 자꾸 봐도 좋다.,1
너무나 이쁜 스토리.,1
가족의 소중함 가족은 위대하다,1
"가족의 소중함, 고인에 대한 사랑을 이렇게 따뜻하게 이야기해내는 것도 재주가 아닐까 싶다..",1
"아름답고, 감동적이며 섬세한 작품.",1
우린 매일 생각하고 지난날을 후회하며 추억합니다  기억하겠습니다 잊지 말아 주세요 ~,1
이걸 이제 보다니.. 색감 너무 예쁘다ㅠㅠ 코코~~,1
위로받은 영화..,1
너무 아름다운 영화!,1
감동 스토리 그 자체였음! 보면서 재밌고 눈물이 날 정도로 억지 스토리 하나도 없이 인생 애니메이션 명작을 봐서 오스카상을 수상할 정도로 완벽했다!,1
"나는 죽어서 어떻게 되는 걸까, 어디로 가는 걸까 인류의 가장 오래된 질문 &quot;코코&quot;는 말한다 마리골드 꽃길 지나 저리로 갑니다 거긴 여기보다 엄청 행복한 곳이죠 단 누군가에게 기억되어야 합니다 기억은 거기의 주민등록증이니까요  조상님들을 기억하고 싶다 기억되는 조상이 되고 싶다",1
색감 너무 좋고 스토리 너무 좋고 감동과 반전까지. 힐링 되고 너무 좋았어요,1
"멕시코의 &#39;죽은 자의 날&#39; 풍습을 배경으로 한 음악 애니메이션영화이다. 삶과 죽음을 동시에 표현했지만 슬프거나 우울하지 않았다. 우리나라에는 없는 축제지만 이승과 저승을 오가며 실제로 벌어지는 신나는 축제 같았다. 더빙판으로 봐서 그런지 자막판보다 훨씬 더 실감 났다. 뮤지션을 꿈꾸는 소년 미구엘, 그러나 모든 가족이 엄청 음악을 배척한다. 가족에게 인정받기 위해 &#39;죽은 자의 날 축제&#39;에 참가하려다가 벌어지는 온갖 해프닝. 저승에서 돌아온 미구엘은 증조할머니인 코코에게 &#39;기억해 줘&#39;를 불러드리고 그녀는 어린 시절 아버지와 같이 부르던 노래를 떠올리며 함께 부른다(명장면).가족의 기억 속에서 잊힌다는 것은 참 슬픈 일이다. 가족의 인정을 받고 서로 가족임을 자랑스러워할 때 비로소 존재가치를 느끼게 될 것이다. 매번 감동적인 영화를 추천해줘서 나를 행복하게 해 주는 우리 큰아들~ 정말 고마워. 사랑해!! 자랑스러워!!",1
진짜 주제가 멋지다..,1
"영상미나 음악이 너무 훌륭했고, 억양 등 언어 자체의 느낌이 분위기와 너무 잘 맞아서 좋았다.",1
오래간만에 인생 영화 찾았습니다,1
리멤버 미  기억할게 코코,1
역대급 감동!!,1
5번 봤음... 볼 때마다 느껴지는 감동이 다른 듯.. 오늘은 안 울 거라 생각했는데.. 처음 볼 때보다 더 울었음..,1
ㅠㅠ,1
마마 코코~~~,1
내 생의 레전드,1
&#39;월E&#39;와 견줄만하다.,1
"원래 애니메이션 영화 자체를 잘 안 즐겨보는데 우연히 봤다가 감동의 전율을 100000% 느꼈다,,,",1
애니메이션 최고의 명작.. 마마 코코~~ 입에서 자연스럽게 나오네!,1
감동적이었어요.,1
여러 번 보는데. 명작임,1
코코랑 토이스토리 3는 진짜 명작임,1
뻔한대도  감동이 있음,1
볼 때마다 오열 ㅜㅜ,1
ㅠㅠ 너무 감동적임,1
가족 그리워지네,1
마지막에 맘이 찌릿!  감동이에요. 꼭 보세요.,1
너무 재밌었어요 색감도 화려하고 스토리도 탄탄하고 감동적이었어요,1
재밌고 신선하고 감동적임,1
너무  재미있네요 감동적입니다. ㅜㅡㅜ 흐규,1
ㅠㅠㅠ 진짜 감동적임... 가족의 의미를 다시 한번 되새기게 하는 영화였습니다. 영화 다 보고 나서도 여운이 가시질 않아 혼자 얼마나 울었던지 ..,1
"영화를 보면서 웃고, 울었어요 정말 감동적인 영화이네요",1
와 진짜 최고   너무 감동적이고 재밌네요  최고의 가족영화네요,1
너무나 감동적이었고.. 얼굴에서 웃음을 지울 수가 없었다네요.. 연속해서 한 번 더 봤다는~~,1
웃고 있어도 눈물이 나는...,1
"재미와 반전, 이 감동을 기억할게요",1
놀라운 상상력과 감동적인 스토리~,1
눈물 나네요 가족들 더 많이 사랑할게요,1
"종 떨어트린 할아버지는 어떤 처벌을 받았을까?  어쨌든 영화는 재미와 감동, 그리고 반전도 있어서 좋았네요. 화면도 아름답고 음악도 좋고 꼭 보세요.  되도록이면 큰 화면으로요",1
마지막 미구엘과 마마 코코의 기억해줘 노래를 듣고 눈물이 멈추질 않는다 ㅠㅠ,1
몇 번을 봤는데도 볼 때마다 감동입니다,1
너무 감동스럽다,1
눈물이  멈추질 않네요. 아름답고 내용 좋고. . .  극장에서  보지 못해  너무  아쉽네요.,1
뭐하나 빠지는 것 없이 훌륭한 영화입니다.,1
눈물이 마르질 않네요... 아빠 왜 우러 이러네요 ㅠㅠ,1
he loved you,1
꼭 보세요,1
이 영화를 2번이나 봤는데 볼 때마다 눈물이 나오네요. 인생 영화입니다.,1
감동입니다~~,1
애니메이션에도 불구하고 아카데미가 선택한 이유  누구나 봐도 감동적인 스토리와 볼거리,1
보고 울고 웃고 너무 재밌었다.,1
뻔한 줄 알았는데 ㅜㅜ 반전도 있고 감동도 있고 가족영화로 참 좋은 영화네요.,1
"어제 오씨 안에서 봤는데 진짜 재밌는 애니였구나..  감동적이네 어쩌네 해서 크게 안 웃길 줄 알았는데 웃음 코드도 상당히 잘 버무린 좋은 애니였다~ 주제도 상당히 좋았고, 애가 봐도 어른이 봐도 좋은 내용의 애니였다",1
감동도 있고 전개도 빨라서 눈을 뗄 수가 없어요. 정말 재밌게 본 영화에요.,1
왠지 모르게 가슴이 뭉클해지는 영화,1
기억해줘~~~~ 인생 영화가 하나 추가되었네.,1
애니메이션 보고 펑펑 울긴 처음이네요.,1
와 정말 감동입니다 이런 영화가 있는지도 몰랐네요,1
Remember me,1
진짜 감동적입니다.  어른들이 봐도 좋은 영화,1
너무 감동받았음. 극장서 봤더라면 더 좋았을걸 하고 아쉬웠어요~ 우리 아이들이 겨우 초1  초4인데 할아버지를 잊지 않을 거라고  눈물 콧물 흘려서 결국 함께 울어버렸네요,1
정말 너무너무 좋았어요. 극장에서 못 보고 이제야 봐서 아쉬워요.,1
진짜 대박...  이런 영화를 이제야 봤다니 최고의 영화라고 해도 과언이 아닐 정도네요 너무 감동적이었고 겨울 왕국이랑은 비교도 안되며 정말 의미 있는 좋은 영화!!,1
"그리운 엄마... 늘 보고 싶고 생각나요ㅠㅠ 이 영화 보면서 가족의 소중함을 다시 느끼게 하네요. 늘 기억할게요... 엄마, 아빠, 할머니... 그리고 나의 가족들... 언젠간 만날 거예요. 행복하게 지내세요ㅠㅠ♡♡♡♡♡♡♡♡♡........",1
명작임,1
어른들에게 강추합니다,1
보는 순간 눈물 줄줄흘렀어요ㅠㅠ♡♡♡♡♡ 추신:작년 하늘나라로 가신 우리 마미도 분명 저승에서 편하게 지내고 계시실 텐데 마미 거기서도 애니메이션 코코처럼 즐거우시죠?ㅠㅠ 마미 큰딸도 늘 열심히 가사노동하면서 즐겁게 살고 있어요 여기는걱정하지마세요ㅠㅠ♡♡♡♡♡,1
"헥터,,,,, 이제라도 영원히 행복하시길,,, 마마 코코아 함께 디즈니 그리고 픽사 정말,,,, 사랑하지 않을 수가 없다",1
헐 이런 영화가 있었다니 극장에서 안 본 게 슬프다,1
기억할게요 아프지만..,1
"멍 때리는 일요일 오후 리모컨 놀이로 이리저리 채널 돌리다   50 넘어서 만화영화에 눈물이 펑펑 돌아가신 할아버지. 할머니. 아버님, 어머님 모두가 그리워지는    ㅠ ㅠ",1
겨울 왕국은 비교가 안돼요,1
이 영화 최고. ᆢ. 감동적이고 아름다운 음악과 가족의 사랑을 느끼게 해주네요. ᆢ,1
가족이 최고,1
엉엉 울었네요 감동의  애니메이션,1
오랜만에 좋은 영화 봤습니다,1
겨울 왕국 2는 보고 남는 게 없었어요. 코코의 감동은 진하게 오네요. 초등학생 아이들과 함께 보며 눈물 찔끔찔끔.,1
좋은 영화입니다. 돌아가신 엄마가 무척 그립네요..,1
눈물이 펑펑..ㅜㅜㅜㅜㅜㅜㅜ 픽사 감성은 늘 옳은 듯..,1
잊히면 안 되는 나의 가족들을 다시 생각하게 하는 따뜻한 영화 마마 코코 와  리멤버 미   감동 그 자체입니다,1
사후세계를 다시 생각하게 해주는 좋은 애니메이션입니다.  언제 봐도 감동이죠~,1
ㅠㅠ최고요,1
중학생 딸이 추천해줘서 봤는데 너무 재밌고 감동 ost도 good!!,1
역시 이거지,1
최고 아름답고 감동적인  영화,1
너무 감동적입니다 애들도 재밌어하고 두 번째 봐도 울컥,1
이게 영화지,1
깃띵작 ㅇㅈ?  ㅇㅇㅈ! 그래픽으로 만들어진 거 다 알고 보면서도 눈물펑펑ㅜㅜㅜㅜ  너무 감동적이었어요,1
너무 감동이어서 평을 안 할 수가 없네요.  최고.,1
"겨울 왕국 II 볼만하더라고요. 물론 I만 못하지만. 갑자기 코코가 생각나 그때 못 줬던 별점 꼭 주려고 들어왔네요. 너무 따뜻했던 영화, 지금도 온기가 느껴집니다. 할머니 머릿속, 겨우 남은 한올의 기억이 미구엘과 함께 한 &quot;Remember me&quot;의 선율을 타고 극장 안을 은은히 채우는 순간, 저도 모르게 눈물이 주르륵...",1
진짜 너무 감동^^,1
애니메이션이 이렇게 감동적일 수가 있다는 게 놀랍습니다. 음악 좋은 건 말할 것도 없고요!!,1
애니메이션 중 최고!  울림을 주는 영화네요,1
최고의 감동 애니!,1
캐릭터.. 음악.. 스토리.. 감동...  무엇 하나 나무랄 데가 없다...  이거 보고 눈물이 나지 않는다면..  실로 감정이 메마른 거임...ㅠㅡㅠ,1
감동적이고  스토리도 너무 재밌어요  무엇보다도 실화인듯하니 그게 더 좋은듯합니다,1
정말 저세상 갬성이네요~ 그래서 저세상 내용인가...... ㅋ,1
이 좋은 영화를 이제야 봤을까?! 마음에 온기가 가득해졌어요~,1
이런 영화 다시 볼 수 있을까 ㅠ 병 ㅅ 아르바이트생들아 한국 영화는 이런 갬성 못 따라간다 제발 평점 망치지 마라,1
Very good~!!,1
픽사가 되짚어주는 가족이라는 의미,1
"만화영화보다 울기는 처음이네,, 최고의 만화.",1
"음악과 그림, 그리고 메시지. 다 좋았다",1
좋음,1
최고,1
무조건.  보세요 강추,1
"보는 내내 감동적인 영화, 아이들도 참 좋아하는 영화",1
감동이다,1
"죽은 자들과 산 자들이 사랑 안에서 음악으로 위안 받는, 전 세대를 아우르는 감동 애니.",1
최고입니다,1
리멤버 미~♡,1
감동.. ㅜㅜ 마지막에 얼마나 눈물이 나던지..,1
죽어서도  연예인은 상전이구나,1
가족 이야기엔 늘 마음이 약해진다 귀여운 아기와 귀여운 뼈다귀들 ㅠ ㅠ...,1
믿고 보는 디즈니... 영상미+상상력+노래 오졌다,1
감동적이고 좋아요  집에서 3번이나 봤어요  기억해줘 노래가 좋아서요... 디즈니 영화는 재미없는 영화 가없어요,1
가족의 중요성에 대해 잘 알 수 있는 영화였고  마지막쯤에 &quot;기억해줘&quot;듣고 진짜 울컥할뻔했어요 ㅜ,1
최고의 영화예요 정말 꼭 보세요 2번 보세요,1
초반 지루했는데 마지막 울컥,1
개인적으로 카와 함께 디즈니 작품 중 가장 재미있었다고 생각합니다! 돌아가신 할머니가 생각나서 슬프기도 했지만요 ㅠㅠㅠ 꼭 보셨으면 좋겠습니다 ㅠ,1
아 진짜 오래간만에 신선하고 감동적인 영화였어요 안 보고 흘려보냈으면 후회할 뻔 ㅠㅠㅠ 꼭 보세요 ㅠㅠ,1
진짜로 죽은 자들의 세상이 있어서 이리 낭만적이었다면 좋겠다는 생각을 했다,1
감동이네요,1
울다   울다  목이 메네요~  내 곁을  떠난  사람들과   나의  사랑스러운  동물들이  저리  화려하고 행복하게  창공을 나는  모습을  보니  눈물이  펑펑 납니다♡,1
다시 보고 싶은 애니메이션입니다.,1
최고,1
애니를 보고 눈물이 나려 하는 게 나이 때문만은 아닐 듯...,1
가볍게 보려고 선택했는데 펑펑 울었네요 정말 재밌었어요~,1
잘 울다 갑니다,1
상상력이 뛰어난 작품이에요. 정말 재밌게 봤어요,1
와... 역시 디즈니,1
감동적이고 재밌고 한 영화에 두 가지를 다 가지고 있네요.,1
최고입니다,1
감동,1
감동. 가족. 애니 색감도 미쳤음. 아름다워,1
어떻게 이렇게 귀엽고 따뜻한 영화가 다 있을까 참신하고 영리하고 따뜻하다 그냥 너무 따뜻하다 ㅠㅠ,1
감동적이다,1
가족의 존재...  다시금 생각하게 하네요 ㅜㅜ,1
기억해줘,1
가족과 함께!,1
아쿠아맨도 감당 못할 울음바다!! http://sp017.tistory.com/20,1
몇 번을 봐도 눈물 쏟는다,1
만화영화 보고 정말 오랜만에 감동받고 생각하게 하네요,1
꿈을  향해 노력하는 모습이 너무 아름답습니다. 미겔~~,1
이런 명작을 왜 이제야 뒤늦게 보게 되었는지... 픽사가 그냥 명성을 유지하는 게 아닌 걸 느끼게 되네요.,1
그냥 귀여운 애니메이션인 줄 알았는데 ... 끝날 때쯤 울었다. 이거 보고 울 줄은 ㄷㄷㄷㄷ,1
애니 보면서 닭똥 같은 눈물을 흘려보긴 처음이다.,1
픽사 명작이다. 안 보면 진짜 후회...,1
오랜만에 보는 너무 따뜻하고 재미있는 영화입니다.,1
아름다운 이야기가 재미있었다,1
재개봉 원츄..ㅠ입소뭌 나기 전에 너무 짧게 영화관에서 끝나서 ㅠ,1
재밌고 교훈도 있고,1
너무 감동적이에요!!!!!!!!,1
코코모♡ 코 좋아~,1
따뜻한 영화,1
할머니께서 노래 부르실 때 눈물 맺혔음 진짜,1
영화에서 그려진 것처럼 생각보다 밝은 사후세계가 존재해서 그곳에 계신 분들이 조금이나마 덜 쓸쓸하셨으면 좋겠어요,1
감동,1
따봉,1
아름답다 아름다운 영화~,1
기억해줄게요,1
저렇게 멋진 곳에서 지내고 있다고 생각할게 보고 싶다,1
"우리나라에도 비슷한 전통과 전해 내려오는 이야기들이 많지. 그런데 한국 영화감독 새끼들이 주로 다루는 콘텐츠 소재들이 뭐지?  그냥 정치가나 하지, 만들지도 못하는 영화는 왜 자꾸 찍으려 들려는지~",1
단지 내 눈에 먼지가 들어갔을 뿐이다!,1
사후세계를 너무 아기자기하게 잘 풀었다 잊히면 사라진다는 게 슬펐음...,1
"wonderful,,, wonderful",1
애니메이션 중 유일하게 인정!!,1
최근에 본 영화 중 최고.,1
픽사와 디즈니 작품은 늘 기다려지고 기대한다. 과거 작품들의 악덕이라면 지나치게 기대감과 눈높이를 올려놓았다. 몰입도에 비해 기대감 충족 실패.,1
영화가 끝난 뒤 제목을 보면 노래가 생각나고 먹먹해지는 기분이다.,1
"디즈니 애니메이션은 이야기 형식은 크게 바꾸지 않는다. 그래서 매 영화가 비슷해 보이는데, 내용이 그 진부한 스타일을 식상하지 않게 만드는 데 크게 일조한다. 이 영화도 진짜 이야기의 승리다. 재밌는 이야기는 진부한 형식을 진부하지 않게 보이게 마법을 부린다.",1
누군가를 떠오르게 했던 영화. 어린 조카는 할아버지 생각에 펑펑 울더군요.  어른이던 6살 꼬마던 다시 볼 수 없는 그리운 사람을 떠오르게 하는 영화입니다. 그것만으로 충분합니다.  아빠. 아빠를 항상 내 마음에 담고 있어요. 아빠 혼자 그곳에서  딸들 그리워하고 있는 건 아닌지 너무 걱정이 된다. 우리는 잘 있으니  엄마 걱정 말고 그곳에서 편히 쉬세요. 오늘도 사랑해.,1
신선한 애니메이션이었다,1
명절 특선영화로 안성맞춤,1
감동과 재미 음악 다 있는 영화네요~ ㅠㅠ,1
마지막 remember me 노래할 때 눈물이 주르륵 흘렀어요 마음에 위로가 되네요 감사합니다,1
내용이 good!!!,1
재밌어요,1
ost가  제일 오래가더라,1
멕시코 배경의 훈훈한 애니. 평이 괜히 좋은 게 아니었네.,1
기억해줘! 아름다워요!,1
처음엔 그냥 멕시칸 얘기 나오는가 해서 &#39;재미없네&#39; 했다가 나중에 눈물 나게 함... 한국 문화가 배경이 된 디즈니 영화가 나오길 기대해보며...,1
아이 땜에 무심결 봤다가 이게 뭐야? 너무 재미있네^^,1
재미있고  반전도 있고  감동도 있어요.,1
"와 진짜 재밌네요 스토리, 캐릭터 아이디어 다 좋아요",1
공기 같은 가족의 소중함 기억의 힘이 문제 해결의 실마리... 감동... 좋아요,1
막판에 수도꼭지 터졌네  이 영화의 진짜 주제는 진심이 아닐까 싶다 마마 코코의 진짜 꿈이 무엇일까 헥터와 미구엘이 움직일 수 있던 원동력은 무엇 때문일까 조금만 달리 생각하면 어렵지 않게 유추할 수 있다,1
이렇게 눈물 나 개 감동적인 영화 애니메이션으로는 처음인 것 같아요 정말 감동적 이에요,1
"사후생 소재의 영화, 잘 그려냈다. 우리나라 유교 정서에도 잘 맞는 게, &#39;제사&#39; 때문일 것이다. 극적인 요소와 적당한 반전 덕분에 보는 재미가 쏠쏠했다. 콘셉트도 좋고, 소재도 좋았다. 노래 역시 그러했다. 권선징악으로 아이들 보기에도 좋을 것 같고. 누군가를 기억한다는 것, 기억에 대해서.",1
성공한 인생이란 나를 기억해주고 추모하는  사람들이 있다는 것,1
잘 구성된 이야기와 매력적인 인물들이 있음. 반전에 노래도 정말 좋음. 딱히 단점을 찾기 어려운 차가운 현실도 보여주지만 따뜻한 느낌이 있는 영화.,1
좋았지만 주변에서 극찬을 너무 많이 들어서 그런지 그렇게까지 엄청나다는 생각은 못 했다,1
감동 재미 굿굿,1
와 진짜 대박이에요 꼭 보세요ㅠㅠ 진짜 명작이고 진짜 슬퍼요ㅠㅠ 눈물 콧물 질질 짜내고 진짜 소리 내면서 오열했어요ㅠ 특히 마지막부분ㅠㅠ 진짜 꼭! 보세요,1
한 번 더 보고 싶은 영화♡,1
진짜 너무 잘 만든 애니입니다!! 스토리가 정말 탄탄하네요. 기대 없이 봤는데 너무 즐거웠습니다.,1
"솔직히 중반까진 살짝 지루했는데, 막판에 몰아치는 힘이 대단하다. 참신함에 엄지 척!",1
ㅡㅡ,1
좋다 ㅎㅎ,1
진짜로 마직막에 울컥하고 웃기기도!!,1
영화의 이름이 미구엘도 헥터도 아닌 코코인 것마저 너무 완벽한 영화 디즈니의 상상력에 경배를,1
너무 재밌어요,1
신선하네요,1
그래픽으로 잘 만든 중국 영화를 본 느낌? 뭔가 화려한 거 같은데 몰입이 안 되는 게 딱 그 표현이 딱인듯합니다,0
좀비와 매드맥스 그 중간 어디에서 길을 잃은 한국 신파.,0
화나는 영화... 배우가 아깝다,0
"웬만하면 이런 유 영화 개연성 많이 안 따지는데 너무하네. 영화 전개도 그렇고 신파 섞는 것도 그렇고, 매드맥스 시리즈 베낀 느낌도 있고...",0
아니 신파가 너무 심하고 631부대랑 싸울 때 저 사람들도 군인인데 1명이 다 쓸어버리는 게 말이 안 되고 현실성이 너무 떨어집니다. 또 레이싱 장면 그래요 좋아요 근데 차가 무슨 티 나니 움 합금으로 만들어졌나요. 보통 차들은 사고가 났을 때 잘 찌그러져야 하는데 저건 뭐 찌그러질 기미를 안 보이네요. 진짜 기대에 비해 별로인 게 아니라 너무 별로예요. 특히 마지막이 가관이에요. 스포 위험이 있기 때문에 그냥 전생에 우주를 구한 사람보다 운이 좋다고 생각하시면 됩니다. 아무런 재미도 없고 감동도 없고 누가 봐도 나중에 죽을 것 같고. 정말 사람들이 얼굴 보려고 본다는데 진짜 그럴 줄 몰랐네요. 요즘 1탄이 대박을 치면 2탄이 초를 치는 영화들이 조금 보이네요. 코로나 때문인지는 몰겠지만 조금 실망스러웠어요,0
빵점 왜 안돼요ᅮᅮ,0
살면서 처음으로 영화 평점에 1점도  아깝다는 말이 공감됨,0
"키즈가 세상을 구하는 새로운 좀비물.. 근데 거기다가 신파극도 살짝 섞고, 플러스 휴머니즘까지!! 아주 완전히 시나리오 말아 드셨네. 권해효의 연기를 새로이 본 거 말곤 없음",0
보는 내내 괴롭네.. 어디서 보고 빼긴 클리셰는 웃음밖에 안 나옴. 이런 영화는 향후 영화 발전을 위해서도 폭 망해야 될 듯,0
감독들은 자기가 만들고 싶은 영화를 만들지 말고 관객이 보고 싶은 영화를 만들어라.,0
관객들은 좀비 영화를 기대했겠지만 관객들의 기대를 철저히 부수고 CG로 만든 매드맥스의 아류 같은 레이싱과 억지 신파 엔딩에 답답함을 느낄 수밖에 없는 영화다. 초반에 화려한 스토리 전개에 영 부합해 주지 못하는 중후반부 이후는 거의 기억이 안 날 정도.,0
개연성이 전혀 없는 신파극..,0
연상호 최대의 실수는 부산행이었네. ㅋ 실수로 잘 만들어 버렸어,0
그놈의 휴먼! 휴먼! 휴먼! 감독이나 작가나 쌍팔년도 감성으로 영활 만드네. 아니 좀비 영화에 먼 휴먼??? 그냥 깔끔하게 만들라고 백이 아니라고 해돋이 잘났다고 아집으로 영활 만드니 말아먹지.,0
4년 동안 악착같이 견뎌내면서 겨우 헬기 바로 앞에서 포기하려고 했던 게 각본의 미스... 억지 감동 만들어내려고..,0
그냥 폐기각,0
시나리오 개허접,0
감독이 다른 사람인가? 아니 영화를 왜 이렇게 만들어?,0
부산행의 감독이 맞나 싶다. 부산행은 좀비 영화의 수작이라면 반도는 그저 cg 영화에 불과하다. /킬링타임용 영화일 뿐,0
좀비랜드 한국 버전 보는 느낌,0
시나리오 좀비가... 썼나...,0
"반도에 보낼 사람이 그렇게 없었나 .. 택시 아줌마랑 .. 일반인, 주인공만 그럴듯하게 군인 출신 ..",0
"이정현, 아이들 연기만 볼만하고 시나리오 연출 초등학생이 하 수준~~",0
방금 만 원이나 주고 봤습니다. 감독님 스토리 좋아하거든요.   근데 더 이상 말 안 할래요. 제 점수입니다.,0
와 뭐 이런 개똥같은 영화가 다 있냐 좀비는 필요할 때만 나오는 좀비 영화는  첨 봤다 긴장감도 없고 스릴도 없고 ~~,0
어이 무!!!,0
액션이면  액션으로 가야지  이상한 휴먼을 덮어쓰기 하니 이상한 영화가 되네. 휴먼도 억지스러운 휴먼   가상 휴먼을 가미하네 참 어려운 영화 만들었어요,0
"내가 왠만하먼 영화 댓글 않다는데, 진짜 욕 나오네요  진짜 오랜만에 쓰레기 같은 거 한번 보네요 이걸 영화라고....,.....,..",0
좀비 좀비 좀비 좀 비,0
부산행 볼만했는데 이거는  전혀 노력이 안 보이는 뻔한 스토리,0
"킹덤 꿀 빨라고 하다가 폭만... 대사, 스토리, 연기, 연출 다 1점대",0
노력한 흔적은 보이는데 시나리오가 너무 진부하고 억지스럽네요. 대사도 별로고.  그래도 5점 드립니다.,0
왜 망했는지 확인하려고 봤다 보고 알았다,0
너무 뻔해서 나 잼,0
나 잼 흠,0
그냥 반도 안 봐도 되는 영 화 후.  딱 3류,0
꼭 해피엔딩일 필요는 없다  그리고 마지막에 헬기가 앉으면 프로펠러 소리에 온 세상 좀비들 다 모여야 정상 아닌가?,0
"강동원, 이정현 몸값이 너무 비싸나?? 힘들게 끝까지 봤다. 스토리 연기 액션 구성 다 별로다.",0
나름 괜찮은 스토리 같은데.... 너무 비현실적이라.... 보는 내내 짜증이.... 끝에 애 엄마는 딸들 살리고 죽는 걸로 하지..... 마지막 살아나올 때는 뚜껑이 열리는 줄... 그 긴박한 상황에... 기다려주는 un 군도 어이없고.... 이성적이어야 할 영화에 감성이만 잔뜩...,0
;; 그냥 액션만 보라고 만든 영화 같은데 액션도 쓰레기;; 21세기에 화면 빨리 감기 촬영이라니;;; ;;;대체 얼마를 받으면 이 영화를 재밌다고 개구라를 치는 거지? 헐;;; 이런 3류 영화를 만든 이유가 뭐냐,0
116분짜리 기아자동차 광고,0
"간반에 돈 아깝다는 생각이 든 영화. 부산행의 속편이 아니었다면, 10만 관객도 아깝다. 엄복동 레벨.",0
핵 고구마 영화....... 갑분 헬기에 .. ㅋ 어이없어요ㅋ,0
온 비리 버블!!! 예상하는 모든 다음 장면이 100퍼 나오네!! 마지막에 폭죽으로 헬기를 맞추고  끝났으면 5점은 줄 텐데!!,0
어설프네 흉내 내다만  졸작이 하나 탄생했구먼,0
소리만 요란했던 수레 서울역에 실망하고 부산행에 나름 기대를 했는데 삼류 작품 하나 더 양산했네...,0
강동원 보려고 봤던 영화...,0
그저 안타까움만...,0
킹덤을 기다리는 걸로...,0
중국 자본이 들어갔나...... 왜 이리 허접하지.. 그냥 삼류 영화를 찍어놨네...,0
"개 쓰레기가 되었네요. 한국 영화에 신파가 들어가는 거야 뭐 하루 이틀이 아니라서 호불호가 갈리는 정도지만, 부산행에는 좀비와 싸우는 내용이라 그런 게 없었지만 반도는 인간들과도 싸우는 내용이 들어갔는데 인간들이 좀비 바이러스에 이미 뇌가 썩어버렸는지 인간들과 싸우는 장면들은 대부분 개그 수준이네요. 타임킬링용 개그 영화로 볼 게 아니면 비추입니다.",0
한국 좀비 너무 날아다닌다,0
내용이 너무 허술함. 노잼각,0
쯧쯧,0
생사가 오가는데 감정 과다에 눈물 찍 보는 관객은 실소,0
만든 제작진이나 연기한 배우들 봐서 1점은 드릴게 차라리 애니로 만들었다면 두 배로 줬을 텐데 2점,0
투자금 반도 못 건짐,0
"연상호 감독의 연출 능력이 부산행에서 과대 표출되어 반도까지 왔지만, 애니메이션 감독 출신인 연상호 감독의 실사 영화 연출에 한계가 온 느낌이다 시나리오만 더 받쳐줬더라도 이 영화가 더 괜찮았을 텐데 이번 영화는 시나리오부터 많이 부족했고 액션 연출에 아무 특색도 없었다 상황 설정에 무리수를 너무나 많이 뒀고 실소가 나올 정도로 비현실적인 것이 많았다 아무리 좀비가 나오는 공상 영화지만 지나치게 비현실적으로 가버리면 이런 결과가 나오는 것이다 염력에서 하나도 배우지 못한 것 같고 부산행 후속편이라 기대는 많이 했지만 CGI 회사들이 만들어 낸 굉장한 가상 세계 외에는 대부분 실망스럽다",0
자동차는 1년 동안만 방치해도 배터리 방전된다.... 상식인데 감독이 그런 것도 모르고 영화 만드냐?? 그리고 우리나라가 무슨 허접한 3류 국가도 아니고 기갑사단 몇 개 부대서 장갑차 탱크 자주포로 서치 키고 대북 방송용 확성기 켜서 모은 다음 퍼부어 버리면 끝인데 뭔 연출이 이리 허접해....,0
완전 나 잼.  이 어설픈 영화와 부산행 감독이 같은 걸까.,0
권해효 님 방탄복이라도. 입히지 그러셧수...넘. 뻔하지 너,0
감독 기술 배워라 이래 가지고 밥 먹고살겠냐???,0
반도. ! 부산행. 반도  못 따라 감,0
나 잼,0
ㅎㅎ,0
최악,0
너무 기대를 했던 걸까!?  매우 실망적이다ㅜ,0
눈물 빼려고 질질 끈 거랑 스토리상 연결 부분이 애매해지고 일단 자동차 랑 좀비 특유의 콘셉트를 살렸더라면 하는 그런 바램을 좀 바라보게 돼요 솔직히  별로였습니다.,0
이것저것 짬뽕한 듯 어설퍼 보였고 차량 신은 빨리 감기에 모하비로 람보르기니를 능가하는 드리프트에  스토리가 너무 엉성함 차라리 이런 건 시즌으로 나와야 스토리도 탄탄하고 몰입감도 있을 건데 ... 아무튼 망한 건 확실함,0
돈 많이 투자한  전혀 한국적이지 않은 할리우드 삘 아류 영화,0
그냥 평균 별점이 이야기해준다,0
공감을 얻지 못하면......  자기만의 세계에서 빠져나와야......  좋은 감독이 된다......,0
이 영화는 액션인가 드라만가  액션 가면 쓰고 있는 드라마다  액션 무비 사십 프로 설명 불요,0
하아......,0
개 쓰레기를 만들어놨네 어휴...,0
2007년으로 돌아가 영구네 디워 보는 느낌 마치 돈 갖다 발라  대충 할리우드 흉내 내면서 만들다만 영상물 같은. 어처구니없는 스토리 전개와 설정 좀비 영화에 좀비는 없고 입체감 없는 인물에  몰입은커녕 실소만 나오는. 같은 감독 맞나 싶을 정도로 그나마 있던  몇몇 장점조차  죄다 땅바닥에 파묻어버린 별점 &quot;반도&quot; 주기 아까운.,0
시간과 돈이 너무 아깝다,0
어휴... 시작부터 어떻게 강동원과 애 아빠가 군인들보다 먼저 오냐...,0
모하비 광고,0
우리나라 영화인들은 토대부터 갈아치워야 한다. 진정 돈 낭비 쓰레기다,0
남주 미스 캐스팅 이 좋은 스토리를 가지고..,0
유치찬란.  부산행이 기차라는 특수한 환경과 아이디어 때문에 재미있었던 거지.    이런 도시 내에서 좀비는 할리우드에 이미 널려있음 훨씬 좋은 퀄리티로.,0
돈 때문이고 남에게 시켰다지만 성공 확률을 생각하면 배로 오목교까지 접근하는 게 가장  성공 확률이 높은 거 아닐까? 그래서 이 영화는 영화를 위한 스토리 제작 같음,0
좀비가 불쌍하다...ㅎㅎㅎ,0
ㅋㅋㅋ 제인하고 통화했어 ㅋㅋㅋ 지금 장난하냐 이게 영화여?,0
탄탄하지 않은 스토리..... 강 동원은.... 뭐지?,0
투자는 많이 된 것 같은데.. 스토리 전개 등이 기대치에는 미흡한 것 같음..,0
좀비물 중에서 제일 재미없었음,0
가족애에 대한 감동은 있는데 재미가 없습니다. 반도의 슈마허 때문에 좀비가 무섭지가 않네요.,0
할 말 없음,0
최근 한국 영화의 발전에 나름 자부심을 가지고 있었다. 하지만 반도를 보면서 단순히 재미 유무를 떠나 한국 영화의 퇴보를 보는 것 같아 깊은 화남과 분노를 느낀다 영화 보면서 투자자들을 걱정해보기는 처음이다 평점 2점은 살 떨리는 안타까움을 느꼈을 투자자들에 대한 애도이다,0
역시  자동차는 모하비네요,0
마지막 10분은 한국 영화의 병폐를 그대로 또 답습하고 있음... 30초로 편집해도 괜찮을 분량.,0
제목부터 반도가 뭔가요? 반도라고 부르는 어원이 어떻게 나왔는지 공부 좀 하셨으면.. 이 영화가 주는 메시지가 뭔가요? 일본이나 중국에서 투자를 했는지 보면 엄청 잘 만들었다고 할.. 그 감독이 그 감독이야? 하고 다시 찾아봤다. 물론 코로나에 처한 우리의 모습이 이기적이고 분열적이고 실망스러운 부분도 있지만 영화라도 보고 희망을 느끼고 싶은데 폐배주 의적 세계관이 투영된 건지 의심스러워요. 현실과 영화는 다르지만 그렇다면 개연성이나 처절함이라도.. 보면서 욕 나옴,0
찍을 땐 몰랐다 쳐도 편집할 땐 알았으리라.  내가 영화 뭐같이 만들었다고....... 도저히 연상호의 영화라 인정하기 힘들다. 스스로 쌓아올린 한국 좀비물의 위상을 스스로 허물었다. 안타깝다.,0
부산행은 박진감이라도 있었는데... 흥미진진하지 않더라,0
뻔한 스토리~ 근데 대한민국만 망했다는 게 현실적이지 않다~,0
코로나 덕을 톡톡히 본 영화.....  덕분에 강동원을 믿고 거르게 되었음,0
좀비 영화인데 안 무섭다......... 너무 뻔한 스토리 결말.......... 헬기 소리가 가장 시끄러울 건데 헬기 쪽으로는 안 모이는 좀비들이 신기함. ㅋㅋ,0
"다른 건 다 그러려니 하지만 녹음 상태 개판이라 대사가 전부 웅얼웅얼웅얼.  뭐 아예 안 들어도 되지만 해도 해도 너무함. 스토리, 개연성, 연출, 연기 모두 세기말적으로 암담함.",0
억지스러운 전개 및 cg,0
도시에 생존자가 있다는 것까지 흥미로웠어요. 631부대 캐릭터들이 너무 오버스럽고 엔딩 신파는 많이 별로였어요.,0
"부산행 제작진이 만든 영화라고는 믿기지 않을 만큼 재미없고 어이없는 영화. 강동원이 어설픈 시나리오를 만나면 어느 수준까지 발연기를 보여줄 수 있는지 가늠할 수 있음. IPTV 11,000원 내고 본 걸 깊이 후회하는 중....",0
ㅠ,0
처음 시작을 보면 `나는 전설이다` 좀비들끼리 뭉쳐서 있는 거는 책 제목은 생각 안 나지만 일본 만화책에 나오고 몇 개 더 있는 거 같은데 보기가 좀  그랬음.. 돈 주고 보면 진짜 욕 나옴,0
연상호 은퇴작인가요?,0
그냥 킬링타임용. 부산행의 그 참신한 감독은 어디 가신 건지 원 ~,0
기대 안 하고 보는 게 건강에 좋다^^,0
개연성 없는 스토리. 어색한 화면 구성.... 기대만큼 재미있지 않았음,0
올레 tv 클릭정 못해서 본 영화 내 손가락을 원망했다ㅠ,0
진짜  스릴도 감동도   모든 것이  완벽하지 못한 영화   네오    이런 무자비한   스토리  누구나가 만들 수 있지 않을까   정말 실망스러운  최대에 역작,0
강동원이 저렇게 연기를 못했던가?ㅡ.ㅡ 이정현이 살리려 애쓰셨네... 아이들하고~~~~ 조연들 캐스팅에 신경 좀 쓰셔야 할 듯ㅜㅜ,0
왜 망했는지 알겠네! 보는 내내 보는 사람 가슴을 답답하게 만드네. 돈이 아까워서 인내하게 되는 영화!,0
미국병 걸린 감독 작품 근데 중국 짝퉁같이 만듦,0
연상호가 서울역이나 부산행과는 다르게 좀비 사용법을 까먹어 버린 듯...,0
한심한 심판,0
어우 씨.... 그 감독이 이 감독이냐? 강동원 시나리오 진짜 못 보는구나...,0
이런  개 쓰레기 같은 망작을봤나 중간에 보다 껐다  허접한 cg에 스토리 또한 허접하다 보지 마라!,0
내 평생 처음 쓰는 리뷰 이게 영화.... 라니... 연기..연출..영화자체가...망작이고 나오는 배우들... 연기.... 정말... 코로나 땜에 기분전환하려 본 영화인데 더 우울해졌다,0
뭐.... 워...,0
개연성 부족한 부분이 참 많네요. 좀비물 중 하급이네요.,0
소리에 민감한 좀비들이 헬기 소리는 안 들리는 거야? 나만 들리는 거야? 그냥 레이싱 영화를 찍지 그러셨소,0
억지 신파에 80년대에나 나올법한 슬픈 음악 남발에 더 짜증 나고 스토리 엉망,0
뭔 좀비 영화를 신파극으로 누아르 액션을 찍는 것도 아니고 정말 부산행 찍은 거 맞나? 연출이 너무 차이가 심한데......,0
어이없네,0
부산행을 만든 감독이 아니었다면...,0
매드맥스여??,0
에효~,0
진짜 재미없다 염력이 그나마 나은 거였어,0
꾸역꾸역 참으면서 봤는데 도저히 참기 힘든 마무리 속이 다 울렁거림 이것도 영화라고 만든 감독 한심함,0
캐비아로 라면 끓인 느낌  쓰레기 잡탕,0
한국에서 바이러스 퍼진 거만 기억되겠네... 시나리오 어디서 쓰지 말고 웹툰에서 인기작을 영화화하는 게 낫겠다... 처먹을 것도 없는 것들이 들개들에게 라면을 준다고 미친...ㅋㅋ,0
보다가 잠듦...,0
"재밌네, 군대 미필이 만든 영화 같아서",0
더럽다 지저분하다 ... 러닝 타임 내내 그런 느낌만 받았어요 ~,0
강동원이가 너무 아깝다. 얘가 연기 잘 하는데 영화가 근본적으로 개판이라... 케이블로 세 명이서 할인해서 8천 원에 봤는데 그나마 위안이다. 영화관 갔으면 스크린 찢고 나왔을 수준. 발로 만든 영화라고 보면 됨. 부산행 반의 반도 안 되는 수준임. 7살 꼬맹이가 보면 딱 맞는 수준임. 강철 비 2가 너무 재미없어 1점 줬는데 그래도 강철 비 2 보다 쪼금 나아서 2점 준다.,0
액션 기술이 부족하면  부족한 데로 현실적으로 하던지 뱁새가  황새 쫓아기는 것도 아니고 한국 영화라는 게 창피스럽다~,0
디 워 느낌이다. 들은 건 많은데 볼 건 하나도 없었다는. 전작 기대감에 북미에 개봉관 많이 잡았다는데  이래저래 한류 기대감이 높은데 찬물 확 끼얹는구나.  연상호는 이제 영화 만들지 마라. 부산행 빼고 그럴듯한 영화 하나도 없다. 그나마 부산행은 캐릭터 설정이라도 좋았지만.  이정현이가 총 들고뛰는 신을 오케이 냈다는 자체가 감독 역량이 안 되는 거다.,0
나라가 망했는데 뭔 놈의 도로가 그렇게 잘 닦여 있냐? 지금도 요철투성인데... 그리고 이니셜 D냐? 뭔 꼬마가 드리프트를 그렇게 잘해? 영화 정말 수준 떨어져서 원!! 이걸 해외에 내다 판 녀석 승진시켜줘라~,0
그나마 살아있다를 먼저 본 게 다행ㅋㅋ 이게 더 그 영화보다 재미는 있네,0
B급 영화처럼 느껴뎌버렸음. 부산행 반도 안 돼...,0
스토리는 폭만 CG도 허술 그나마 아이들이 연기 제일 잘하네 그냥 뭐 할 거 없을 때 보면 괘찮을꺼 같네요,0
공포영화인가??  아님 에스에프 영화?  짧은 70년대 스토리에 긴 이천 년대 촬영기법으로 눈길은 끄는 데는 성공한 영화 끝나면 바로 눈에서 잊히는 영화 돈 내고 보기에는...,0
"감독은 대학교 졸업하자마자 졸업장으로 이 영화를 만들었나요? 뻔한 전개, 뻔한 스토리, 억지로 짜 맞춘 억지 감동. 내가 타짜 4 이후로 이렇게 촌스럽고 황당하게 70년대보다 못한 영화는 첨이라, 리뷰를 안 남길 수가 없네요",0
이런 허접한 시나리오 영화는 보기 드물다.. 80년대 한국 에로영화 수준,0
애들 빼곤 연기들이 최악,0
중고생들이 모여 시나리오 쓰고 대학생들이 모여 습작한 영화 같다. 공감되는 부분이 없고 억지 신파도 지겹다. 1점주는 건 CG 때문,0
스토리도 어설프지만 이 영화 저 영화 다 가져다가 붙여넣기 했네,0
아래 차이님 말씀에 보태 그런 말도 안 되는 상황 설정은 또 그렇다 쳐 어떻게 사람을 구하러 투입됐던 군인들이 4년 만에 인간성을 상실한 살인마들이 되었는지 고작 통조림 내기에 사람 목숨을.. 뭐 그것도 이해한다 쳐 그럼 관객에게 그런 인간성의 상실에 대한 이해라도 주던지 게다가 아무리 혹독한 환경에 적응했다 쳐도 아줌마랑 여자아이 둘이 훈련받은 군인들 보다 총 잘 쏘고 운전 잘하고 용감하기까지.. cg는 말 안하께  아무리 생각해도 이건 관객 수준을 아주 낮게 보고 만든 거 같아 상당히 기분이 나쁘다. 초등학생용인가? 몇 년 동안 본 영화 중 최 악이다. 아예 판타지 동화로 가던지 리얼리티는 상실이고 마지막에 싸구려 감정 잡기와 늘어트리기 억지 해피엔딩은.. 정말 해서는 안 될 짓이었다.,0
이게 연 상호 감독의 실제 실력이거나 그냥 대강 만들었거나.. 아니면 부산행을 누가 도와줬던가..,0
"그 연상호 맞아? 3류 신파 드라마 쓰는 계집애가 대본 쓴 거 아냐? 긴박한 순간에 감정 신이라니.. 그것도 한두 번도 아니고... 황당하다. 그나마 제작비, 강동원 이정현 때문에 3점은 준다.",0
부산행이 재미있다,0
감독이 바뀐 줄 알았더니 부산행이랑 같은 감독이네... 흠... 좀비 영화가 아니라 자동차로 무협영화 찍는 줄,0
어이없네,0
도대체 감독은 무슨 생각으로 이 영화를 만든 걸까???그냥 감독의 상상 그 이상도  그 이하도 아님. 그 상상이 빈약하여 스토리나 개연성은 고사하고 아님 이해라도 되었으면 그나마 나았을 것을. 그냥 큰딸의 대단한 운전솜씨 감상하느라 끝까지 보았음. 대한민국이 하루 만에 망하고 좀비들은 4년 동안 죽지도 않고 계속 사는데 주변국 가는 대한민국을 폐허로 둔 채 방치하고 있다는 말도 안 되는 설정부터 몰입을 방해함. 더군다나 북한은 안 전지 대고 ㅎㅎㅎ,0
부산 거점으로 백신 찾는 걸로 했다면 좋았을 건데 이건 좀비 영화냐 분노의 질주냐,0
암만 영화라도 한반도를 쑥대밭 만들어 놓고 어디 가서 살 수 있다고... 대한민국 망하라는 영화 같아서 존망...,0
염력부터 반도까지 아주 그냥,0
하......,0
돈 아깝다,0
중간에 포기했습니다 끝까지 완주하면 너무 자괴감들 거 같아서...,0
보다 잠,0
저는 독설은 싫은데 ᆢ 옆에서 조언하는 스태프가 여러 의견을 좀 주시지.  좀 안타깝고 마지막엔 난감해요. 배우들은 애쓰셨어요.,0
좀비 영화라기보다는 인간이 선/악을 보여주는..  부산행 감독인데 아니 왜....... 아 염력 감독이지,0
아... 영혼 없는 시나리오가 문제일까? 배우들이 안타깝군..,0
이걸 영화라고...,0
...,0
부산행 감독이라 같은 감독이라는 게 믿기지 않는다. 여러 가지 좀비 영화 짜깁기에 이래저래 연출하고픈 욕심만 많아 보인다. 전형적이  삼류영화,0
스토리 등 여러 가지로 엉성하고 배우들 분장이라든가  자동차 추격 장면은 매드맥스? 인가 그런 외국영화 따라 찬 거 같기도 하고  부산행 후속작이라 해서 기대하고 봤는데  완전 실망..,0
"설정도 엉망, 캐스팅도 엉망, 연기도 엉망, 음향효과도 엉망, cg는 삼류 수준,. 제작비가 없었나.. 왜 이러냐 같은 감독 맞음???",0
돈이 아깝다는 생각.... 대한민국이 좀비로 망했다는 설정 자체도 참 어이가 없고... 감독이라는 사람이 무슨 생각으로 ..,0
딱 한마디로 표현하자면... 하..........................................................,0
자동차 추격전 cg는 그렇다 쳐도  마지막 부분은 진짜 모냐... 어이구... 머 이리 비틀어 신파를   그냥 모하비가 최고네,0
cg가 아깝네,0
강동원이 다시 돌아와서 살아남은 자들과 협심하여 좀비 물리치고 대한민국을 사람 사는 곳으로 만들 줄  알았더니만~~~~   한국을 버리고 떠났어!!!,0
B급 좀비물 영화... 스토리와 연출이 상당히 작위적이며 공감성이 많이 떨어짐.,0
남자들이 얼마나 폭력적인 동물인지 감독 스스로 증명하네,0
반도 재미없어가 반도 못 보겠네.,0
너무나 기대했던 반도!! 부산행 뒷이야기로 같은 감독이 만들었다는 소리에 더욱더 기대가 많이 되었다. 그만큼 부산행을 재미있고 한국에서 만든 좀비 영화 중 거의 완벽했다고 생각했기 때문이다... 그런데 이 반도는 진짜로 같은 감독이 만든 영화인지 의심이 들 정도로 어설프고 형편없다. 물론 부산행이 나오기 전 그냥 아무런 기대하지 않은 채 이 영화를 보았다면 마지막 의. 어설픈 신파극을 제외하고는 나름 재미있게 봤을 듯 하다... 나름 볼만했던 건 이정현 딸의 자동차 액션신... ㅎㅎㅎ 암튼 기대에 비해 너무 모자란 영화는 사실이다..,0
영화가 사건의 개연성이 많이 부족하고 좀비들이 무섭게 생긴 것에 비해 매우 약함 악당들도 어설프기 그지없음 자동차 추격전은 매드맥스 따라 한 것 같은데 좀 어설픔 마지막은 감동을 이끌어내려 했지만 감동은커녕 몇몇 말이 알되는 장면으로 인해 황당하기만 함,0
스토리도 재미도 없는 영화..,0
이건 뭐 오락영화로 치면 재미가 없고 휴먼스토리라고 하기엔 각본이 엉망이고 ㅋ 뭘 만들고 싶었던 건지?,0
재미가 없었습니다. 흥행의 실패는 당연해 보여요. 식당 가서 맛없는 요리 먹고 돈 낸 기분입니다.,0
"부산행은  그냥 얻어걸린 거였네요 반도,,, 진짜 내가 만들어도 이거보단 더 잘 만들겠네요,,,",0
"악질 바이러스로, 좀비 천국이 된 한반도에서, 강동원과 일행이 피난해 홍콩으로 들어간다.  4년 후 한반도에서 돈다발 만 챙겨오면, 반 뚱해 주겠다는 홍콩 조폭의 제안에, 다시 한반도로 들어간다.  한반도에서 운 좋게 살아남은, 601부대와 이정현을 만나고 좀비들을 피해 법 취락, 뒤치락한다.  601부대 서장이, 홍콩 조폭에 돈 주러 가지만 총 맞아 죽음. 강동원, 이정현은 운 좋게 유엔 헬기에 구조 (끝)   4줄이면 끝나는 스토리, 이게 영화냐? 보다 지루해서 딴짓하다. 구조되는 거 보고, 어 끝나네? .. 했음  이런 스토리는 나도 쓰겠다. 난 또, 돈다발에, 중요한 뭔가라도 있는 줄 알았으면 살아남은 601부대가 미쳐서 산사람을 좀비 소굴에 넣고 즐기는 장면, 사이코 같아서 구토 나왔음.  이게 다임. 이 이상 내용 없고요. 밑에 분 말대로 좀비 영화 아닌, 자동차 액션 영화인 게 긴장감 있는 좀비씬 거의 없고, 자동차로 좀비치고 다니는 신만 잔뜩임",0
"밑에 썼다가 수정 안돼 추가하지만 밑에 쓴 게 전부인 영화. 그 이상 내용이 없어요.  그리고 왜 지루했는지 다시 생각해 보니 스토리 없는 건 둘째치고, 좀비  영화에 긴장감 있는 좀비 신이  전혀 없어요. 밑에 분 말대로 좀비 영화가 아니라,  자동차 액션 영화인 게. 자동차로 좀비 무리 치고 다니는 신만 잔뜩 나와요. 몰입도 0프로.  이걸 본 내 시간이 아깝다",0
이정현은 배역과 전혀 안 어울렸음~,0
강동원이 빌런이구먼,0
쓰레기 ㅇ병맛이네,0
치약은 금방 떨어졌단 말인가?,0
좀비물이라 공포물인 줄 알았는데ᆢ 자동차 액션 영화 모하비 죽이네요,0
내용은 없고 억지로 뭔가 보여주려고 하는 것 같은 수준 이하 영화,0
이걸 영화라고 쯧쯧쯧  감독의 역량이 이 정도 수준이라니 기가 막히네요  연상호 감독 머리에는 뭐가 들었는지 그것이 궁금할 뿐 ...,0
이딴 걸 영화라고 만들고 해외 수출했다니.. 내가 다 부끄럽다  CG 졸 마니 티나네   보다 잠들기는 오랜만인 듯,0
개 유치!,0
심형래의 디워 느낌 받음  영화라도 이건 아님. 현실성 제로.  . 좀비물은 어느 정도 현실성이 받쳐줘야 함,0
강동원 때문에 끝까지 참고 봤다..,0
반도가 오염되지 않은 나라고 다른 곳이 위험지역으로 바뀌었다면??? 코로나로 가뜩이나 겁나는데 하필 이런  주제를 선택하다니...... 애들이 차 가져와 구하기 전까지 영화 초반은 솔직히 재밌었음. 그 뒤부터는.... 뭡니까!!!,0
갬동 챙기다 좀비 될 듯,0
부끄럽지 않나? 감독?,0
시리즈 1편 부산행은 말미 억지는 물씬에도 불구하고 재밌게 봤습니다. 반도는 극장에서 안 본 게 얼마나 천만다행인지요. 집에서 보면서 빨리 감기로 30분 내에 다 봤습니다. 얼마나 지루했는지... 도대체 이 영화가 관객이 몇백만이 들었다는 게 아직 믿기지가 않네요. 공짜표 250만 개라도 나눠 준 건가요??? 미스터리네요. 이 영화가 망했어야 하는데 관객 들었다고 연 상호 감독 또 영화 만들 거 아닙니까. 그 돈으로 정말 촬영 잘하는 감독들이 시장에 등판해야 하는데 안타깝다.,0
굳,0
영화라고 만들었냐 내가 부산행 보다 잠들었다 잠결에 만들어도 더 잘 만들것다 영화가 다 말이 안돼도 적정선이 있는데 애들이 좀비를 하나도 안 무서워하고 장난치듯 하네 장난하냐 근데 갈수록 더 가관이야 감독이 머리가 나빠 진짜 잘 나올 수 있는 영화를 돈만 있으면 자다 깨서 후다닥 만들 정도로 졸작,0
30분 보다가 끝으로 돌려서 유엔에 구출되는 거 봤다,0
대박! 시간 낭비하지 마세요,0
70년대 엄마 없는 하늘 아래 오마주,0
정말 총체적 난국이네요 .. 이 영화가 180국에 팔렸다니 아 창피해  놀랍도록 못 만든 영화네요,0
·,0
매드맥스+워킹데드 게다가 &quot;설마(?) 그렇게 되겠어? &quot;했던 상황들이 모두 일어납니다,0
진짜 이 감독  영화는 절대 보면 안 되겠네요.,0
너무 놀랍네요. 이렇게 만든 영화를 개봉하다니.. 정말 반도 보기 싫은 영화네요,0
"액션 상승, 신파도 상승",0
"마지막 신에서 신파의 극을 치는 장면에 구토 나올뻔했다. 그냥 쓰레기는 아니고 서 대위, 중사 연기만 보면 8점. 애네 빼면 1점도 아깝다. 화려한 조명이 반도를 감싸는구나.  고만 춤이나 추련다. 썩을",0
완전 쓰레기 영화 긴장감 1도 없고 액션도 없고 부산행 감독 맞아?,0
시대를 잘못 만난 영화. 1967년쯤 개봉했으면 액션신은 인정받았을 텐데.. 그나저나 이쯤 되면 부산행이 돌연변이인가!,0
평점이 너무 높아 낮게 드립니다. CG도 어색하고 스토리도 개연성 없고  반도 못 본다는 반도를 끝까지 보느라 힘들었습니다.,0
짬뽕 영화,0
연기들이 너무 어색해요.,0
개연성이 없음,0
좀비 영화가 부산행부터 살아있다.까지 너무 많아  식상한 소재였는데 스토리가 재미있네요. 큰딸 자동차 실력 짱입니다.,0
별롭니다. 억지 눈 무극은 짜증만 나고.,0
별 반 개도 아깝다. 그걸 영화라고 만들었냐ㅋㅋ,0
아름다운 동화 잘 봤습니다.....,0
"진짜 충격이네, 걱정은 했지만 이 정도일 줄이야. 신과 함께 도 신파극 많아서 보면서 불편했는데 이놈의 영화는 영화 시작하자마자 엔딩인 줄 알았다. 그런데 문제는 신파극이 아님, 영화 자체가 난잡하기 이를 데 없고 배우들 연기도 전부 몰입하지 못하고 도대체 무엇을 나타내고자 하는지 모르겠음. 관객이 이 정도로 느끼지 못하면 편집하는 사람도 뭔질 모르고 했다는 것임. 참 여러 가지로 너무 끔찍한 작품이었음. 외국인들이 이 영화를 보지 않았으면 함......... 괜히 한류에 선입견 생길까 봐 내가 다 걱정이네.... 이렇게까지 해도 궁금해서 보는 사람 있겠지, 그리고 이랑 감독은 죄송하다고 사과는 했다, 최소한 이런 과작을 던져준 책임을 느끼고 사과는 해야 하지 않을까?",0
"악플이 많아서 생각보단 볼만했지만 개연성도 떨어지고 긴장감도 떨어지고 억지 신파에 기억지 액션에, 꼭 부산행 따라 한 삼류 일본 영화 느낌",0
"솔직히 0점도 아깝습니다.ㅜㅜ 이런 영화 좋어하시는 분들의 취향이나, 영화 보는 눈높이는 정말 이해가 안 됩니다 ㅠㅠ 솔직히 수준이 너무 떨어지는 거 본인들만 모르실 겁니다 ㅠㅠ",0
??,0
"스토리가  없음  두 시간 내내  좀비 뛰어다닌 것 빼고는 강동원의 돈다발에 뭔, 비밀스러운 내용을 부여하던가 싸구려 3류 소설도 이거보단 스토리가 났겠다. 이거  만든 사람, 아무 생각 없이 만든 듯",0
연기도 엉망 스토리도 병 같고 ᆢ뭐 하나 칭찬할 수가 없네,0
"주연 배우들 연기도 꽝 연출 꽝 스토리 꽝, 뭣 하나 제대로 된 게 없는 영화",0
보다가 지루해서 졸았어요,0
공감되지 않는 영화.,0
다른 건 그래 그냥 그렇다 치자 근데 이놈의 한국 영화는 차량씬마다  화면 빨리 감게 질이네. 아직도 쌍팔년도 촬영기법.  기생충으로 국뽕 오지게 했으니 이제 그만 주제 파악. 현실 자각하자,0
처음에는 그럭저럭 괜찮게 보다가 마지막에 인천항에서 나도 모르게 뿜고 말았다 부산행이랑 같은 감독이 만들었다는 게 정말 믿어지지 않는다 이건 분명히 외압이 있었거나 감독이 여성인권에 매우 관심이 많던가 둘 중 하나다 ㅋㅋㅋ,0
"하.. 뭐부터 얘기할까.. 영화 20분 정도 보는 중에  리뷰다는 건 처음이다.   평점이나 리뷰 확인 안 하고 혹시나 하는 마음에 영화 본 내 책임이다. 우선 강동원은 원샷원킬 하는 영웅이 되는 캐릭터를 만들던지 구하지 못할 거면서 좀비한테  잡혀먹는 거 멍하니 쳐다보다  총질하다 도망가고, 소극장에서 연극 연기 톤으로 오버 연기자 수두룩하고,  감독의 연출력도 영 시원찮아서 미안한 얘기지만,  감독 자질 없으니 다른 일 알아보시길 권하고 싶을 정도이다. 좀비들 수두룩한데도 소리 지르는 패거리들 수두룩하고, 아 너무 많아서 이 정도 하겠다. 꼭 평점 리뷰 확인하고 보던지 말던 지하실 길.. 누군가 얘기한 것처럼 영화. 부산행이 어쩌다 잘 된 케이스인 것 같음",0
감독은 왜 있나 몰라,0
와 ~진짜 이렇게 재미없을 줄은 몰랐네요~ 신파 쩔어요~어디까지 유치할 수 있는지 끝을 보여주는 듯 ~중반부터  하도 어이없어  실소만 나옵니다~,0
정현아   네  발연기에   치가  떨린다  ㅋㅋ  연기 연습 좀 해라,0
매드맥스+월드 워 Z  느낌... 그래도 염력보다는 괜찮았어요.,0
그냥~좀 실망이. . .,0
이건 아니다 영화라고 생각해도 기분 나쁨 한반도를 없애고 싶은 일본이나 미국이 좋아할 듯 한국을 없애버렸잖아 기분 나쁘네,0
"어느 평론가 말대로 &#39;염력이 실수인 줄 알았는데 반도를 보고 나니 부산행이 실수였더라&#39;는 말에 보태어, 부산행조차 신파와 클리셰투성이라서 나로선 흥행이 이해 안 된 영화였다. 반도는 배우들 발성도 엿 같고, 이상한 애들 데려와 만화 같은 캐릭터로 매드맥스 흉내 내고 싶었던 감독의 욕심에 이용당한 셈이다.   이정현은 좋아하는 배우지만 소리칠 때 갈라지는 목소리 등 몇몇 단점을 보여 대배우가 되진 못한 이유 중 하나가 드러났다.  생존하려 발버둥 치며 살았다 쳐도 어찌 다들 프로 레이서 급 운전 실력에 저격수 이상의 총질을 할 수 있게 됐는지도 참 만화스럽고 황당하다.  만화스럽다는 건 원작이나 만화가 출신임을 지적하는 게 아니라 황당 설정, 논리와 개연성 없는 경우를 말한다.  작가가 그렇게 설정했으면 그냥 되는 거라는 식.  위상 높아진 한국 영화 수준을 좀먹고 깎아내리는 감독들 톱10위에 드는 감독이 된 걸 축하한다.",0
살다 살다. 심하다. 뭘 보여주려고 하는지. 캐스팅도  안 어우러. 이정현은  엄마 같지도 않고. 강 동원은 그냥 만화 중인 공,0
부산행 4년 후에 뭘 보여주고 싶었던 건지.... 너무 티 나는 CG에 개연성 없는 스토리... 부산행 후속작이란 언급을 아예 말든가....,0
부산행을 한 번 더 보겠다...,0
재미없다  좀비가 밤에 자면 그걸 이용해서 국가 재건해야지 자기들끼리 죽이고 죽이고   인간성  상실 영화  내용 없고 액션만 있는 미국 3급 영화와 뭐가 다른지?  한국 영화 장점을 보여주지 못함 긴장감 0 내용 0 교훈 0 킹덤은 김장감 만점 내용 만점 교훈 맘점,0
황당한 영화네,0
부산행 해외 반응도 좋은 걸로 아는데 이거 부산행 2라고 볼 생각하니 민망하다 ㅎㅎ,0
강철 비 2는 양반이었네 ㅋㅋ,0
자동차 CF냐..,0
감독이 남의 돈이라고 정말 막 썼구나 하는 영화... 부산행 감독이라고는 정말 상상도 못할 영화,0
하...... 정말 뛰쳐나가고 싶었지만 진짜 어디까지 보여주나 하고 좀비처럼 끝까지 봄,0
...,0
이것도 영화라고 생각 좀 해라. CG도 개판이고 ㅅㅂ 욕만 나오네,0
이게 영화냐? 쓰레기지  ㅋㅋㅋㅋㅋ,0
그간 리뷰를 보고 기대를 거의 안 하고 봤습니다. 그냥 초반부에는 그냥저냥 참고 봤는데... 영화가 진행될수록 보면서 딴 생각나게 하는 영화 입네요... 정말 부산행 감독이 맞나 싶네요... 저런 스토리 전개가 가능할까 싶네요... 배경은 한 40년 후 한국 같고... 남은 각 캐릭터에 대한 개연성 및 설명도 부족하고... 그냥 액션만 본다면 5점이 적당한 것 같네요,0
다 보고 설마 이거 부산행 감독 아니겠지 했는데 부산행 감독이네 웃음만 나온다 ㅋㅋㅋ 신파로 시작해서 신파로 끝나는 진정한 K-좀비... 여러분의 시간은 소중합니다 이거 사람이 보는 거 아님,0
살아있다 보다 재미있겠지  설마  했는데 이건 아니다 도망가야지 신파하고 앉아있네 이정현이 좀비인 줄 연기는 발연기,0
예고편에서 넘게 대치를 올렸다~ 최소한 예고편 수준은 돼야 하는데 예고편보다 한참 못한 이야기 전개 등등 안타깝다 못해 황당하기까지~,0
뭐냐 이게? CG도 구리고 좀비는 갤러리니? 와 부산행 속편이래 봤는데 퀄리티 정말  수준 이하고 뭐 60년대 신파 보는 줄 알았다 오죽하면 같이 보던 아들놈이 짜증 난단다,0
와ㅡㅡㅡ이거 뭐냐ㅡㅡ,0
다 안 좋지만 신파만 가지고도 0점 받기에 충분함,0
흠...,0
와 진짜 고구마 영화... 스토리가 진짜 보는 사람이 부끄러울 정도.. 제발 이 영화 수출 안되게 해주세요...  이 정도면 감독 주변 사람들이 문제인 거야... 감독 겁나 독불장군일 듯..,0
이제 연 감독은 무조건 거른다 염력에 당하고 또 당하다니 사실 부산행도 운발이지  게거품 감독,0
영화 보는 내내 건빵 물 없이 먹는 것과 똑같음. 호박 고구마 물 없이 영화 보는 내내 먹는 것과 똑같음. 답답해 뒈질 뻔 합니다. 다 살수 있는데도 왜 저런다냐 우리나라 정서랑 절대 안 맞음. 그리고 감독은 자동차씬에서 무슨 애들 장난하는 것도 아니고 현실성이 없냐... 다 만들고 이 영화는 망했다는 것을 짐작했을 것임 이번 코로나 때 개봉한 게 정말 잘한 것이라 생각 든다. 감독은 이 평점들을 꼭 봤으면 좋겠습니다. 평점 1점은 그래도 봤다는 것에 대한 예의 수준.,0
같은 감독 맞음? 어떻게 부산행 같은 영화 만든 사람이 이런 쓰레기 영화를 만들지???  배우들부터 맘에 안 듦.,0
살아있다 보다 더 못하다  시간이  아깝다,0
"반도가 망한 이유를 이제는 알겠네! 2시간 중의 30분 넘게 신피질이고, 인물이고 전개고 개연성이 없어! IPTV만 원도 아깝네!!!!",0
서 대위를 살려서 나중에 강동원이랑 싸우는 게 나오면 좋았을 텐데,0
돈 낭비.. 내가 더 아까운 건  피 같은 시간까지 낭비,0
와우  짜증!!!!    아직 안 보신 분들은 결제하시지 말고 이번 추석 때 보세요  ㅡㅡ 부산행 발톱만큼이라도 좀 하지 그랬니?   좀 비호로 좋아하는데   최악이다 무료 좀비물 공포 중에서도   이건 답 없음,0
"총체적 난국! 어설픈 CG(무슨 카 체이싱이 빙판에서 하는지 엄청 미끄러짐), 설정에 맞지 않는 연출(4년이 한 십몇 년 된 것 마냥 너무 환경이 많이 바뀜), 조금 과한 연기(과한 표정과 액션), 후반에 뜬금 신파(무슨 다들 맨눈에 몇백 미터 밖에 이정현이 차에서 총으로 자살하려는 것을 보냐? 후반에 신파가 너무 길었다)... 부산행은 한국형 좀비를 잘 구현했지만, 반도는 너무 국제적 시선을 의식한 듯 뭔가 이것저것 짬뽕한 느낌이다. 이제 좀비물은 그만해도 될 듯싶다.",0
개인적으로는 별점 주는 거 자체가 아깝습니다. 재미있게 보신 분들은 어떤 부분에서 재미있게 보셨는지 그 포인트를 알려주셨으면 좋겠습니다. 그럼 TV에서 해줄 때 다시 보게요...,0
한국이. 망했으니 당연 영화는 안 뜨죠 그리고 우리 정서하고 안 맞는 영화네요. 급박한 상황에서 붙잡고 울고 있으니.... 아쉽지만. 좀비  영화는. 이제 그만.. 식상합니다.,0
"갈수록 오버스러운 배우들의 연기가 거슬림. 아역부터 메인, 중심 조연들, 심지어 베터랑급 권해효까지. 배경은 감독의 욕심인지, 이미 많이 풀린 좀비물 때문인지, 오마주인지 짜깁기인지 모를 종합선물세트. 한국말에 한국 배우 아니었음 중국산 할리우드 베끼기 같음. 전개에 필요한 자잘한 장치는 깨알같이 보여주는 반면에 그 깨알을 못 따라가는 부족하고 불친절한 전달력. 분장 소품 등도 여기저기 통일되지 않은듯한 따로 국밥. 사실감을 주기 위한 CG도 뜨고 시나리오도 떠버렸음. 염력의 황당함과 당황스러운 패티 두 장을  부산행이란 브리오슈로 덮은 군대리아. 농담 삼아 반도 못 보고 나왔다, 부산행 반도 못 따라간다, 얻어걸린 부산행이란 루머를 정설로 만들어버렸음. 개인적으로 잘 뚫린 길만 찾으면 인천항 30분이면 간다는 말발구와, 연발 폭죽(바가지 만 원짜리) 쏘고 구해지는 과정의 발연기와 신파는 영화 하이라이트.",0
무슨 영화를 이렇게 만들었는지 대한민국은 아예 지구상에서 존재하지 않는 나라로 전락시키고 반도라고만 불리는 설정에  북한은 안전지대 청정지역으로 묘사하고.... 무슨 저의인지? 이 시국상황에 이런 영화를 만들어 개봉하다니....  정말 욕이 나올 것 같다. 다시는 이 감독 영화 볼 생각 없음~~~!!!,0
와 좋은 소재 갖고 첨 화면부터 신파극에 90년대 스타일 영화 같음,0
기대 안 하고 봤는데도 놀랍도록 재미가 없음. . .,0
재미가 없어요,0
평점이 정확하네요. 설 추석에 보면 될 듯~~,0
"소재나 인물, 배경 등은 1분 1초가 긴박함을 표현하는 재료들인데~  이 재료들을 가지고 쌍팔년도 무비처럼  1초가 급박한 상황인데도 여유에 고구마  먹이 기와  황당함 안기기~  감정 동요도 안되는  구간에서 뜬금없이 감성 표현하며 유치함 연출~  전체적인 분위기에 대한 개연성도 없고, 뜬구름 잡고, 배경만 급박하지 하는 행동은 여유롭게 로맨스 잡고 전달하고픈 거 다 전달하려 하고~ 그런다고 그 분위기에 맞는 것도 아니고 ~  그래서 누가 만들었는지 볼품없는 일개 시민인 내가 황당해서 다시 쳐다보게 된~  부산항과의 연결성은 그냥 흥행 얻어 타기인 거죠???? 군함도  모양~??",0
자동차 액션신과 거리뷰의 애니메이션 같은 어설픈 CG와 빈약한 스토리 엉성한 연출 등 총체적 난국...,0
폭만한 이유가 있었네. 어설픈 cg 쓰지 말고 그냥 속도감이 없더라도 그냥 리얼하게 촬영했어야 긴박감이 살아있었을 텐데 싸구려 중국 영화 욕할 게 못될 정도의 졸작이네.  긴박한 상황인데도 황당할 정도의 느긋함이나. 감독의 총체적 무능함이 보이는 영화. 바보 같은 감독 같으니라고...  이 좋은 기회를 cg 남용과 어설픈 상황 설정으로 다 말아 드셨네. ㅉㅉ   나만 죽을 수 없다..... 너무너무 재미있으니 내 평점 무시하고 함 보시길 강력 추천!!,0
cg 범벅 중화 무비보다 더 허접!,0
차라리 염력을 한 번 더 볼걸.....,0
부산행은 뒤로 가다 쥐 잡은 격. 이 감독은 애니나 만들어야 할 연출력이다. 플롯의 비약이 너무 심하고 이런 게 만화 좋아하던 사람들 특징. 김병현의 명언이 떠오른다 &quot;일본 만화를 너무 봐서 그런가&quot;,0
영화 보는 내내 매드맥스가 떠오른다... 월드 워 Z도... 안타깝다... 부산행이 훨씬 더 재밌다...,0
개연성 부족.. 좀비들 죽는 통쾌함도 없음..  진짜 보는 내내 욕한다.. #살아있다 진라면 광고  반도는 모하비 광고  그냥 킬링타임용으로 딱이네.,0
돈 아까워. ㅋㅋ 개연성이 다 떨어짐,0
권해요 명대사 : 미안하다 이런 영화를 보게 되는 시대에 살게 해서...,0
감독 참 양심 없다. 이렇게 덜떨어진 좀비 영화는 처음이다.  부산행이 흥행했으니 대충 해도 관객이 봐줄 거란 걸 노린 것이다.  개연성과 현실성도 거지 갖고 생뚱맞은 슬로 모션과 신파로 시간만 늘리고 컨테이너로 진지 구축이 가능한데 4년 동안 방치되는 설정이 가능해? 시나리오 작성하는데 3시간이면 충분한 듯. 한밤중에 라이트 없이 운전하는데 CG 상태가 무슨 대학생 과제 수준이고 주인공을 공격하는 좀비들은 죄다 손은 안 쓰고 입만 뻐끔거리고 4년 동안 방치된 차는 배터리가 빵빵하고 권총에선 20발 넘게 총알이 나가고 다 열거하기도 힘들다.  클레멘타인과 엄복동 때문에 최악을 면한 영화일 뿐,0
와 ㅅㅂ 내 의식이 영화를 따라갈 수가 없네  게다가 내용은 둘째치고 저런 발연기들을 오케이 해준 감독도 진짜 심각하네,0
이보다 심했던 영화는 엄복동 정도..,0
&quot;#살아있다&quot;를 보고 욕했었는데.. 진심으로 반성한다..,0
너무 기대를 했나 봐요  개연성 없고 신파가 너무 심해서 하나도 안 슬픔  스토리가 너무 예상대로 흘러감,0
리얼리티가 너무 떨어짐 급신파 전개 매드맥스를 따라 할게 아니고 월드 워 Z를 봤어야지요,0
영화관 가서 안 본 게 다행이다.,0
음.... 강 동원이 왜 그랬어... ㅜ,0
"서울역과 부산행의 연출적인 절충, 그리고 연상호의 자충수. 마지막은 꼭 질질 짜야 했나.",0
영화를 영화로 본다고 해도 지나치게  개연성 떨어지는 스토리는 몰입감을 방해한다. 억지 신파도 너무 생뚱맞고 어울리지 않는다. 차라리 그냥 깔끔하게 해피엔딩으로 가는 게 나았겠다.,0
마지막 어설픈 신파극에 연출이 식상하네  이것저것 b급 영화 다 섞었어 ㅋㅋㅋ,0
영화를 보는 내내 그치지가 않더라고요 욕이... 이렇게 1도 맥락 없는 영화는 진짜 오랜만이네요,0
진짜 실망이네요... 매드맥스를 따라 한 3류 영화 수준...  차량으로 좀비 타격할 땐 진짜 만화영화 보는 줄 개연성도 없고 정말 대실망 ㅠㅠ,0
영화를 개조 스스로 만들어놨네 퉤~ 배우들은 대본도 안 보고 출연 결심했나?,0
최악,0
극장에서 본 사람들 많이 하나같이 다 비슷하던데 역시나 영화관에서 봤으면 돈 아까울뻔한 작품  요즘에 좀비물이 이렇게 구성 재미없게 스케일만 키워서 관객 모 을려는 감독 의도가 의심스러움 ㅋㅋ  진짜 고전 좀비물보다 더 흥미가 없고 작품 전개가 보는 동안 자꾸 정신을 분산시켜 졸음 오게 만듦;;,0
말하기도 창피한 영화입니다,0
시간 낭비,0
RC카보다도 가벼움 느낌과 어색한 빨리 감기 수준의 속도감을 가진 카 체이싱은 10년 이상 후퇴한 것 같네요. 다른 건 뭐 기억나는 것도 없습니다.,0
나라도 망하고  영화도 망하고. 대체  이런 걸  왜?,0
부산행의 반도 못 따라가서 &quot;반도&quot;였음,0
실망이다 이게 모냐,0
감독의 무능 떨어지는 cg 퀄리티 감독은 3편을  설마 만들까? 앞뒤가 안 맞는 스토리,0
반도..... 정말 반도 못 보겠다,0
나사가 빠진 것처럼,0
민주시민 권해효는 왜 이런 허접 영화에 출연했는지.  평점 1점도 아깝다. 감독이 무능.,0
망할 수밖에 없는 수준 이하의 작품이네~~,0
이 영화의 세계관이 부산행 그 후가  아닌 분노의 질주 매드맥스 인가 봅니다.  배우들의 분장이며 차의 커스텀이며 도시의 분위기 거기다 레이싱까지. 분노의 질주 매드맥스에 카메오로 좀비가 나오는 그냥 그런 영화입니다.,0
좀비물이면 좀 여기에 집중해야지... 이건 머 레이싱 영화인지 악당과의 총싸움인지... 좀비는 그저 악당과의 싸움에서 치트키 정도일 뿐... 부산행 이후 세계관이라고 하지 마라... 완전 B급 수준의 영화일세... 최악의 졸작이다...,0
이랑보다 재미없더라  근데 380만 명이나 봤더라,0
내가 완악한 것인지 아역배우들의 눈물에 한 개도 공감이 안가네. ㅠㅠ 뭐가 슬퍼?,0
"코코아는 명칭 설정이 나오길래, 본인도 코코아는 Poodle 복을 개가 있었기에 생각이 나는군요. 본인은 North America의 Canada에 있을 때, Light Ivory female Poodle 밝은 상아색 암컷 복을 개를 Native American 분들로부터 받았었습니다. 본인이 저의 복을 개의 이름을 Coco라고 만들어줬습니다. 영화, 소설 등 상상, 몽상, 가상 등등이기 때문에, 어느 누구나 plot 과 story를 쓰는 자유가 있지만, Coco라는 명칭이 나오길래, 저도 Canadian Native American 분들로부터 받았었던 본인의 Poodle 복을 개가 생각나길래 글을 한번 작성해봤습니다.~ 부디, By All Means, ~어느 지역에서라도, 어느 국가에서라도, 청소년들, 청년들, 남녀노소 차이 없이 모든 분들을 위해서라도,&lt; 모든 사람들의 생명과 인권을 소중히 여기는 좋은 세상 &gt;으로 되길 온 마음으로 기원드립니다... https://www.facebook.com/mrrkgpy7/posts/1539560889525549",0
