Comment,Label,Nothing
압도적으로 조회수 높은 이유1.팬이라면 당연히 주기적으로 볼 수밖에 없음2.팬 아니어도 앓이하러 오는 타팬 (은 나)3.다른 퀸덤 그룹에 비해 엄청난 해외 팬 수4.꼴등했다는 무대가 어느정돈지 보러 온 머글5.위 사람들이 한번 보면 계속 맴도는데 음원도 없음 노래는 이것뿐이라 계속 오게 됨6.존나 잘하잖아 이게 어떻게 꼴찌여 스벌7.수진-!??8. 모리를 촬랑촬랑촬랑촬랑,1,
난 어떤 것보다 박봄 표정이 진심으로 후배들이 이 노래 잘 살려줘서 고마워하고 대견해하는 얼굴이라 감동적이다. 진짜 저런 선배가 어딨어...아이들도 잘 살려서 멋지지만 봄이 표정이 인자해서 넘 좋았당 ㅎㅎ,1,
원곡자가 녹화해서 보여주고 싶다는 엄청난 극찬을 줬는데도 꼴찌이다... 음 확실히 100퍼 조작이지 ㅋㅋㅋ,0,
슈화 찰랑찰랑은 뻥뚫리게 청량한 목소리도 그렇지만 찰랑찰랑에서 뭔가 슈화 특유의 발음때문에 더 시너지 나는 것 같음 뭔가 챨란챨란 이런느낌,1,
나만 슈화 찰랑찰랑 약간 기계음 섞인 느낌 이거 소름 돋고 좋나? 아니면 말고 그나저나 현장투표 1위 오마이걸이랑 1표 차이 나고 조회 수도 이게 다 발랐는데 어떻게 6위가 나오지 기적의 계산인가 아무리 스페셜 게스트 영향이 있어도 이게 가능할 리가 없지 않음? 마마무가 1등인 거 인정하지만 아이들이 1등이 아닌 거는 인정 못해+ 굳이 제 댓에 와서 비난을 하시는지 댓삭하고 도망가실 거면 왜 태클을 거세요 뭐 눈에는 뭐만 보입니다 당신의 비루한 삶을 남에게 광고하지 마세요 무슨 권한으로 젤리 얼굴이 어떠느니 슈화 실력이 어떠느니 슈화 하루에 8시간씩 댄스 연습하던 사람입니다 남 비방할 시간에 한 번이라도 소연이처럼 열정적이어보고 또 한 번이라도 슈화처럼 무언가 연습을 해보세요 어디 한가해서 할 짓이 없으니 남 비난을 합니까 피드백이니 비판이니 되지도 않는 핑계 좀 그만 대시고요 그렇게 합리화하며 남 까내리시면 인생이 좀 빛나시나요? 본인이 위에 있는 거 같아요? 비판과 비난은 다른 겁니다,0,
진짜 역시 메인래퍼 6명 메인보컬 6명한국인 6명외국인 6명이다 ㄹㅇ 아이들은 전설임,1,
이날 소연이 생일이였음......... 소연이는 생일 곧인디 퀸덤 때 그지같은 6등이 자꾸 떠오른다고함,0,
근데 엠넷은... 조작을 하면 우리가 모를 거라고 생각하는 걸까? ㅋㅋㅋㅋ 조작을 안 하면 프로그램을 못 만드나,0,
전소연은 핸드마이크가 제일 잘어울리는듯,1,
왜 슈화 찰랑찰랑 좌표가 없는거죠? 여기만 수십번 돌려봐야 하는데 4:12 4:12 4:12 4:12 4:12 4:12 4:12 4:12,1,
퀸덤보면서 진짜 암넷이라고 느낀게 어떻게 그룹마다 위아래 뽑으라는게 말이되나 그것도 공개적으로 엿먹이는거지 뭐,0,
뭔가 2NE1 원곡은 뭔가 쩌렁쩌렁하게 볼륨이 커서 처음 이 무대 봤을때는 임펙트가 약한데? 했는데 볼수록 진짜 (여자)아이들 식으로 잘 해석한 무대같음 두버전 다 너무 좋아 민니 음색 너무좋고 우기의 묵직한 허스키보이스 너무 좋음ㅠㅠㅠ아이들ㅠㅠ사랑해 천재아이돌ㅠㅠㅠ,1,
"미연은 노래가 전체적으로 편안하게 해주고 소연은 경 천재같음 우기 귀엽게 생겨서 음색은 안 그런거 넘..,, 대박 민니 마지막 임팩트 개쩜 슈화 찰랑찰랑 살랑살랑 넘 귀엽고 목소리 쫙 뻗어나가는 거 최고다 수진..,,.,.,., 당신은 말 할 필요도 없음 알러뷰",1,
들을 당시에는 원곡이 너무 쎄고 2ne1에 확실히 맞춰져있어서 아 그래도 원곡은 원곡이다 했는데 생각해보면 여기 나온 팀들 보면 다 좋은데 그래도 파이어 같은 곡을 소화를 할 애들은 아이들뿐이었던 것 같다... ㄷㄷㄷㄷ,1,
아니 걸그룹 멤버가 작사 작곡 그리고 퀸덤에서는 편곡까지 다하는데 다른 그룹에 꿇릴게 뭐가있다고 순위를 저렇게함 ㅋㅋ 에스닉 힙에 본인들 곡에서는 붐뱁도 소화한 그룹인데 암넷은 상대를 너무 잘못봤어 ㅋㅋ,1,
비록 경연에선 6위를 했더라도 지금 많은 사람들이 6위를 할 만한 무대인가 라고 생각해주시는 게 다행인 것 같고 팬으로써 정말 행복하다,1,
"수진은 정글의사람을 홀리고 잔악하게 집어삼키는 뱀의 여왕, 우기는 정글 어느 인디언 부족의 모험심 많은 아이,소연은 부족에서 버려지고 재규어와 함께 자란 재규어의 아이,미연은 정글 인디언 부족의 차기 제사장,민니는 정글 인디언 부족의 차기 족장이자 전사,슈화는 미연과 우기가 있는 부족이 섬기는 여신",1,
"이럴거면 방출이라는 시스템을 만들지를 말았어야지 초반에 서바이벌로 분위기 탈려다 사람들 여돌끼리의 친목, 리액션 반응보고 급분위기 우회해서 방출없이 갈려고 자기들이 순위 바꾸면 순위매기는게 무슨 의미가 있냐",0,
슈화 머리가 찰랑찰랑거리도록 엉덩일 살랑살랑 흔들어 부분 너무 좋음 다들 라이언에서 슈화 부분 좋다고 하는데 난 이부분이 더 좋은듯 진짜,1,
진짜로 존나 이해안가는게 킹덤은 한그룹 6위두번해서 떨어진거로 아는데 이건 일부러 러블리즈 6위두번못하라고 조작한건가.... 진짜로 이해안가네... 유튜브 조회수를 좀 봐라....,0,
3:56 왜 아무도 여기 얘기안하지...?진짜 수진 미쳤어...,1,
나만 이 영상을 10번 넘게본거 아니죠?,1,
진짜 이영상 하루에 5번은 보는 것 같다ㅠㅠ 노래도 추억이고 처음에 똥땅땅 하는 멜로디도 넘 좋고... 너무 중독성 있는걸...,1,
아니 진짜 이 무대가 6위라는 건 인정 못함 애초에 정글 컨셉으로 한 거 자체가 미쳤는데;;,0,
수진이 댄브 진짜 넋놓고 홀린듯이 백만번돌려봄,1,
이거 래알 레전드 무대임.그런돼 엠넷이 조작해서 아니 엠넷은 왜 남의 꿈또는노력을 조작하지 만약에 조작을해도 대중들은 노력하개 다 보임.진짜 엠넷 남의 꿈을 장난감으로 쓰는거 같은(내 생각),0,
1:13 너네들은 서수진 없지 난 있지롱~ 나와바!! 수진~ +위알 아이들부터 제일 조아 진짜 아이들 사랑해..0:47 위알 아이들- 0:55 난 밈밈미밈ㅁ미치고 시퍼~ 더 빨리 뛰뛰뛰ㅠ디고 시퍼!!!! 1:53,1,
02:05 나만 여기서 후 하면서 분위기바뀌는거 멋있나03:35 부분도 갑자기 정글느낌나는거 개멋있음,1,
어디서 봤는데 소연 무대할때마다 약간 <we have 수진>이런 느낌이라고ㅋㅋㅋㅋㅋㅋㅋㅋㅋ 뭔 느낌인가 했는데 쑤진!!!!! 할때 빡 이해함 글고 이어지는 수진 파트때 자신만만하게 웃고 있음ㅋㅋㅋㅋㅋㅋㅋㅋㅋㅋㅋㅋㅋㅋㅋㅋㅋㅋ 우리는 수진이 있다!,1,
솔직히 아이들이 젤 좋았는데 투애니원 잘 모르는 학생들 팬덤이 많은데 덕분에 알게 됨,1,
3:38 세대에 선포하는 전소연의 개멋짐을 보자4:35 부터 미연 화음...크게 티 안나는데 잘한다4:42 춤 엄청 격한데 흔들림 없이 민니로 마무리 개 본새난다...,1,
조회수는 거짓말을 하지 않는다,1,
다들 내 스타일처럼 생김..음색도 내 스탈??다들 노래 잘하신다!!퍼포먼스 미침 헐 나 오늘부터 네버랜드야,1,
진짜 여자아이들 ㄹㅇ 개잘해요..?타팬이지만 여자아이들은 ㄹㅈㄷ다..,1,
조회수 미친... 이 무대 순위가 다시 한 번 이해가 안됨,1,
누가봐도 이 공연이 아래로 3표 받을 게 아닌데 ㅋㅋ; ,0,
전소연은 프듀에서 평가될 인물이 아니였다....,1,
솔직히 아이들이 대단한게 조회수 많은것중에 5개 중에 3개를 차지해서 도 놀라움 완전 아이들 짱이야!! 특히 전소연 너무 좋아 ㅠㅠ,1,
솔직히 나는 이게 1등할거라고 예상했는데 진짜 얼탱이가 없어서ㅋㅋㅋㅋㅋㅋ누가 봐도 조작인데ㅋㅋㅋㅋㅋㅋㅋㅋㅋㅋㅋㅋㅋㅋㅋㅋㅋㅋㅋㅋㅋㅋㅋㅋㅋㅋㅋㅋㅋㅌㅋㅋㅋㅋㅋㅋㅋㅋㅋㅋㅋㅌㅋㅋㅌㅋㅋㅋㅋㅋㅋㅋㅋㅋㅋㅋㅋ,0,
전소연은 워낙 유명하고 능력자라 말할것도 없고 저 수진이라는 멤버는 진짜 다시보게 되네.. 끼 미쳤다 방송보니 평소엔 되게 조용한거 같은데 무대할때 표정이며 제스쳐가 진짜 연예인하려고 태어난 사람 같음...,1,
이게 어떻게 6등이야? 말이 됨???????? 조작을 할거면 말이 되게 하던가 이게 어떻게 파압한테 져...;;,0,
이거 본방으로 볼 때는 파이어로 선곡하고 무대도 비슷하게 꾸미고 스타일링이나 가사 바꾸지 않은 점 등 뭔가 항상 보여주던 아이들의 파격적인 면이 없어서 아쉽다고 생각했었는데 뒤로 갈수록 퀸덤 프로그램 의도도 이해되고 박봄 비롯 다른 그룹들 반응 보이기 시작하면서 왜 이 곡을 골랐고 무대를 이렇게 했는지 납득이 확 갔음.. 단순하게 무대만 멋지게 할 게 아니라 무대 안팎의 분위기랑 상황까지 잘 파악하면서 한 게 너무 멋있음 ㅜ 그 안에서 할 수 있는 것(슈화 숨겨뒀다가 찰랑찰랑에서 나온 거나 수진 킬링파트.. 우기 도입부 목소리 박봄 떠오르게 하는 미연 스타일링 소연 랩 당신 미쳤어 ㅜ 민니 엔딩...)을 다 했단 것도 진짜 최고고 최선이었음,1,
난왜 슈화파트가왜이리 중독성이쩔지 1일1찰랑찰랑하는중ㅋㅋㅋㅋ아이들 진짜잘했는데...역시 ㅇㅏㅁ넷,1,
솔직히 이게 6위인건 말이안된다 ,0,
이거랑 박봄 한 무대가 파압♡보다 아래인게 세상충격 쓔펄...,0,
퀸덤 영상 중 조회수 2000천만으로 1등에다 원곡 가수가 극찬을 했는데 6등이라고?ㅋㅋㅋㅋㅋㅋㅋ,0,
에스닉힙?아무튼 정글컨셉 생각한 전소연 개천재ㅋㅋㅋㄱㅋㅋㅋㅋㅋㅋㅋ6위지만 아무도 6위라 생각안하는 무대임 진심ㅋㅋㅋ,1,
"한평생 방탄소년단이랑 외힙 가수들만 판 사람인데요... 이거 보고 나니까 그냥 다 너무 완벽해서 대체 누굴 좋아해야 할지 모르겠다... 이건 그냥 남녀구분없이 사람 홀리는 약을 탄 영상이 분명해요.. 아니 전소연 리더로서 프로듀싱 멤버들 특징 하나 안버리고 잘한다는건 알고있었는데... 수록곡 들어보면 멤버 하나하나 매력을 너무 잘 살려서 어이가없다.. 전소연... 무대도 잘하고 곡 프로듀싱도 잘하고 무대 센스도 그냥 완벽하고.. 다른 멤들도 자기가 부여받은거 완벽하게 소화하고ㅠ 완전 맹수들만 모아놓은 동물원같음,;; 이거봐 내 아이돌 아닌데 주접 그것도 걸그룹을 이렇게 좋아하긴 처음이야.........",1,
이게 어떻게 6위임 말이 돼? 물론 원곡이 넘사긴 한데 향수 불러일으키면서도 아이들식으로 재해석 한 거 진짜 미치게 좋았는데 원곡이랑 좀 비슷하다 싶을 때 댄브 딱 나와주고말이야 무엇보다 이게 러블리즈보다 못 했다는 게 말이 안 됨 욕하려는 게 아니라 솔직히 러블리즈랑 음색 자체가 안 맞고 컨셉해석 부족했잖아,0,
아직도 의문이고 퀸덤 최대의 의문인게 이 무대가 왜 꼴등인것인가..,0,
수진언니 좌표0:541:142:342:433:113:56 이 부분 누가 1시간 무한반복 만들어줘요4:04 좋은 건 한번 더,1,
우기 이번에 레전드다 인트로 에에에에에에에에 이거도 그렇고 머리카락도 너무 잘어울림 송우기 당신은 비올때 우산쓰면 안되겠다..꽃엔 물이 필요하니까 - ><,1,
전소연ㅋㅋㅋ진짜 중간에 마이크때서 나 라이브로 하고 있다 보여주는거 ㅋㅋㅋ진짜 왜케 멋있냐 ㅋㅋㅋㅋㅋㅋㅋ 얘는 진짜 우리나라의 보석이 아니라 세계 보석임 ㄹㅇ찐임,1,
그냥 잘하는 보통 케이팝 그룹에서 소연이의 존재로 특별함이 추가되는 느낌,1,
진짜 세상에서 예슈화말랑이보다 흑발긴생머리 잘어울리는 사람 못봤다 제일 잘어울려 ㅠㅠㅠㅠㅠ,1,
서수진 당신 전생에 코브라였지? 하루에 10번씩봐ㅠㅠ 태어나서 데뷔해줘서 고마워,1,
엠넷이 조작 안하면 ㅈㄴ신기한거 엠넷은 조작이 일상이 되어버렸으니...,0,
"나는 전소연이 항상 파트를 소화하고 서수진을 센터로 세울 때 자기 비장의 카드 꺼내는 마냥 옆에서 웃고 있을 때 설레 쉬바,,",1,
조작할거면 좀 그래도 믿을만하게 하던가 이게 6위가 되는게 상식적으로 가능한가? ㅋㅋㅋ,0,
뒷북 이지만 순위는 6위인데 퀸덤 1화부터 마지막화 까지 전체 유튭 조회수 중 1위...........?,0,
6등인데 조회수 제일 높음ㅋㅋㅋㅋㅋㅋㅋㅋㅋㅋㅋㅋㅋㅋㅋㅋㅋㅋㅋㅋ 썸네일 보이면 들어오게 되는 마성의 무대...,1,
어떻게 이게 6위야미연언니 별에 심쿵민니언니 미미미치고싶어에 박봄생각나고수진언니 입술연기짱이고소연언니 다 레전드고우기언니 머리흔들때 심쿵했고슈화언니 머리찰랑때 미모대박이고난 진짜 이 노래 부르고이것만 하루에30번 정도 봤는데진짜 댑악인데,1,
"미연 생김새 진짜 이쁘다 윤아,아이린,산다라박,지수 이 라인에 껴도 되겠네",1,
나 맨날 보러와ㅠㅠㅠㅠㅠ 아이들 증후군 중증임ㅠㅠㅠ,1,
정글을 침범해서 자연을 해치는 인간들 때문에 여섯부족의 수장이 모인 거 같음,1,
왜 이게 6등 ? 왜 이게 6등 ? 왜 이게 6등 ? 왜 이게 6등 ?왜 이게 6등 ? 왜 이게 6등 ?왜 이게 6등 ? 왜 이게 6등 ?왜 이게 6등 ? 왜 이게 6등 ?왜 이게 6등 ? 왜 이게 6등 ? 왜 이게 6등 ? 왜 이게 6등 ? 왜 이게 6등 ? 왜 이게 6등 ?왜 이게 6등 ? 왜 이게 6등 ?왜 이게 6등 ? 왜 이게 6등 ?왜 이게 6등 ? 왜 이게 6등 ?왜 이게 6등 ? 왜 이게 6등 ? 왜 이게 6등 ? 왜 이게 6등 ? 왜 이게 6등 ? 왜 이게 6등 ?왜 이게 6등 ? 왜 이게 6등 ?왜 이게 6등 ? 왜 이게 6등 ?왜 이게 6등 ? 왜 이게 6등 ?왜 이게 6등 ? 왜 이게 6등 ?,0,
이거 뭔 노래였지이러다가 생각나는게 슈화언니가 머리가찰랑찰랑한거밖에 생각안나서 머리가찰랑찰랑치고 들어왔어요ㅋㅋ,1,
4:00 혜정 장군 따라하는거 내가 미쳐 증말ㅜㅜ,1,
4:13 슈화 음색 미쳤냐...? 이거 들으러 맨날 온다...,1,
아니 이무대가 6위인게 말이됨?진짜 볼수록 열받네,0,
혹시나 이때 아이들이 6등 받은 부분에 실망하거나 내가 부족했나? 이런 생각 들고 있으면 어떡하지 아무나 가서 너무 잘 했다고 타팬에게도 최애 영상이라고 편곡 너무 잘 했다고 너무 수고 했다고 전해주고 싶다 ??,1,
여기서는 슈화랑 소연이 대박이네.. 약간 슈화 특유의 발음? 이 더 시너지+중독성 있는것 같음.. 뭐랄까 머리가 챨란챨란?,1,
와 미연 yg 출신이 맞구나 메보라 그런지 음색 진짜 좋네,1,
소연랩->수진춤->미연노래 부터 일단 십사기인것임ㅋㅋㅋ,1,
0:43 소연이 Let's go 할때 진짜 미침 그리고 수진 파트로 넘어갈때 수진! 하는거 그리고 중간중간 영어로 호응유도 하는거 개멋져3:57 수진언니 날 죽여?? 이건 레전드임,1,
편곡을 별로 안한 이유가 나는 박봄님이랑 다른 투에니원멤버님들을 되게 리스펙한거 한거 같아서 좋았음 소연도 추억회상하는 느낌으로 편곡했다고 했고 글고 편곡을 별로 안해도 자기들 색깔로 멋있게 보여줬는데 난 왜 6위했는지 모르겠음 저기 저 파압♡ 도 있던데...,1,
순위를 떠나서 이 오디션 프로에서 기억에 남는 건 오마이걸과 이 팀 밖에 없더라.,,1
솔직히 말해서 이제까지 퀸덤 무대 다 봤는데모두 당연히 잘했음,1,
암넷 이번 프로듀스 조작한거 보면 딱 각 나오죠아이들 막내 그룹이여서 젤 만만하게 보고 조작 했는데 동영상 조회수 폭발해서 당황했ㅈ.. 읍읍,0,
아직도 이게 꼴등이라는게 이해가 안됌 개잘했는데ㅋㅋ,0,
3:56 네 그쪽이 먼저 시작한거에요혼인신고는 언제쯤 하러갈까요 언니,1,
아직도 한이야 조회수만 봐도 6등은 아님,0,
4:29 여기 개열정적으로 흔드는것 봐ㅋㅋㅋㅋㅋㅋㅋㅋㅋㅋㅋㅋㅋㅋㅋㅋㅋㅋㅋㅋㅋㅋㅋㅋㅋㅋㅋㅋㅋㅋ,1,
6위가 얼마나 말이 안되면 방송한지 1년 다되가는데 사람들이 아직도 난리다 정신차리자 엠넷!!,0,
암넷 시청자를 호구로 아나ㅋㅋㅋ;; 박봄이 저정도 극찬하고 조회수만 봐도 난린데 6위가 말이 된다고 생각해...? 솔직히 이런 상황에서는 럽리 더 이상 못 나올까 봐 막내 그룹인 아이들 넣은 걸로 밖엔 안 보이는데ㅜㅠㅠ,0,
아이들 퀸덤 3차경연 빼고 다 유튭 조회수 1등ㄷㄷ 진짜 아이들사랑해?? 싫다고말해보고 아이들 입덕했는데ㅠ퀸덤에서 막내인데 조회수는 선배님이네??,1,
"대체 왜 육위,,,퀸덤 조회수 아이들이 다 씹어먹는데 순위조작이라고 볼수밖에",0,
소연이 쑤진!! 할때 무슨 본인 최고의 걸작? 비밀병기 내놓듯이 하는거 존웃ㅋㅋㅋ니네 수진이 잘난거 모두가 알아ㅋㅋㅋㅋ,1,
"3:56 아 진짜 수진 ... 공주 잖아 ,,,,,,",1,
3:56 그땐 몰랐는데 이때부터 아마 입덕이 결정 됐던거 같음,1,
아직도 보는 사람?,1,
난 아직도 이 무대가 6위인지 모르겠어 ㅡㅡ,0,
"무대를 보고 계속 무표정이 이어지는지, 표정이 바뀌지않고 웃지않는지, 아무 감흥이 없는지.. 보려고 팬인거 싹 잊고 무대를 봤는데 .. (팬이라서가 아니라 정말 멋진무대를 봐서 좋은건지 알기위해..) 처음에 똥땅땅 할 때 부터 콧구멍 확장되더니 에에에 에에에 에에 위얼 아이들 할때 고오냥 같이 불러버림.. 후.. 멋진무대.. 아이들 최고........",1,
1:10  여기 부분 선장님께서 라이브라고 알려주시네 ㅎㅎ,1,
진짜 전소연 독보적이고 서수진은 아이돌 안했으면 정말 ㅋㅋㅋㅋㅋ 다 존나 잘하니까 퀸덤 하는 동안 기만 죽지 말길 ㅠㅠㅠ,1,
아 나 소연이 렛츠고! 수진! 막 이런거 할 때마다 소름돋는다,1,
2:40 수진 예쁘고 매력있는거 공감하는데 ㄱㄱㅋㄱㅋㅋㅋㄱ남자분 환호 사운드강탈...,1,
민니도 캐릭터 확 튀어서 좋은데 이거 소연이가 다 편곡한거 알아주세요 ㅠㅠㅠ 댓글이 다 민니 언급 밖에 없어서 ....,1,
3:04 3:04전소연 제스쳐 간.지.폭.발.,1,
2:12 2:12 2:12 2:12 2:122:12 2:12 2:12 2:12 2:12  우기 영어 발음 나만 좋은가..? 계속 들을려고 만듬,1,
와 아직도 기억나 이거보고  진짜 충격먹음 너무 잘해서 그 전에는 아이들 이름만 들어 봤는데 이거 보고 입덕함 진짜 내 최애 무대,1,
이 무대 우기 파트 왤케 좋지ㅜㅜㅠㅠ 양갈래 하고 나와서 귀여운 얼굴에 그렇지 못한 목소리로 노래하는데 너무 좋아..,1,
이 무대가 꼴찌? 말이안됌.....조회수차이만 봐도 딱 답나오는것같은데...,0,
난 우리 아이들이 여팬이랑 해외팬이 많아서 너무 조아..,1,
와 진짜 잘한다 개인적으로 본곡의 그 박봄 목소리가 탁 트여서 넘 조아... ㅠㅠ 투애니원 다시 보고싶어여ㅠ,1,
아이들은 자신들한테 어울리고 잘 맞는 곡 선택해서 아주 잘한듯,1,
정글편곡 기발하다ㅋㅋㅋ자체평가 6위 에바인거 같은데  누구 탈락안시키려고 눈치보다가 아이들이 젤 막내고 1위했어서 그런가 피해보네 경연이면 실력대로 평가받아야지 이렇게잘했는데도 매번 이해관계때문에 저평가받으면 좋은 무대 보여준팀만 힘빠지겠다 에휴ㅜ,0,
이 무대가 6등인건 아무리 생각해도 자다가벌떡,0,
나 아이들 팬 아닌데 이 무대 댕잘했는데 왜 꼴등인지 모르겠음,0,
아니커버곡인데 정말 다르다.. 역시 전소연장군님은 천재이십니당!!!???????? 응원봉 빨리 사고싶당 ㅎㅎ,1,
내가 맨날 보려고만든 슈화 찰랑찰랑 타임라인4:13,1,
전소연은 그냥 음악천재라고 정의하자 어떤 음악이든 다 잘하고 그 음악에 따라 어울리는 랩 표정 보컬 다 잘 함 ㅜㅠㅠㅠ 이런 애 100년에 한 번 나올까말까 한다 ㅜㅠ,1,
조회수 2600만 ...미쳤다.. 사랑해 아이들???,1,
제작진 부끄러운지 알아라 꼴등곡이 유튜브 보기 압도적 1위이고 최소 중간 등수는 줬어야지 대충할거면 프로그램 폐지해라,0,
아직도 보는 나도 참...아니 근데 퀸덤 속 아이들 공연은 무조건 볼 수 밖에 없어...,1,
솔직히 이건 우기 머리를 봐서라도 4위는 줬어야 했다,1,
투표는 조작해도 조회수는 거짓말하지 않는다. 보란듯이 증명하고 있네,1,
미연은 와이지 보컬 트레이닝 받은 그 특유의 약간 지수 느낌난다,1,
"4:03 여기 언급이 왜 없지 ㄹㅇ레전드,,,,,",1,
아니 약간 아이들은 각자 다 비주얼도 다 각자 개성으로 이쁘게 생겼고 음색도 다 각자 개성이 있는데 그 조화가 너무 이쁨,1,
"아니 이노래에서 정글컨셉을 뽑아낸거부터 걍 미친천재ㅜㅜ 그냥 전소연너무멋져으으윽 댄브 서수진 걍 쥬금ㅠㅠㅠㅠㅠㅠㅠㅠㅠㅠㅠ 빨리 컴백해조 아이들,, 현기증나,,,,, 애드라 화이팅,,,,",1,
아니 이 무대 전소연 유독 멋있네 진짜 내 멱살 잡고 따라오라하는거 같음,1,
1일 1영상 .. 이거 진짜 마약임 .. 공부할때 에에에에에에 그러구 있음 ..,1,
다른 댓글에서 랩메이킹 잘하는 전소연이 한 소절도 안 바꾼 게 투애니원 리스펙했다는 뜻 아니냐고 했는데 맞는듯 다들 옛날생각 날 수 있게 원곡 살려줘서 고마워,1,
미친 수진 존나예뻐 이 구간에서 나갈 수가 없음..3:55 3:55 3:55 3:55 3:55 3:55,1,
4:07이때 소연 표정이 새키들아 잘 봤냐?ㅋ 이런느낌ㅋㄱㅋㅋ,1,
"그냥 갓 그저 빛...미치겠네 진짜 너무 좋잖아... 난 아직도 여기 와서 영상 본다... 아이들은 그냥 하나의 음악 세계 그 자체야, 진짜 대체 어떻게 모두가 완벽하니 증말 ㅠㅠㅠ+) 하ㅠㅠ 수진언니 진짜 너무 최고야... 끼 그자체.. 써! 쑤!! 쯴-!!!",1,
3:56 보고 미치는줄알았음 진짜 무대를 잡아먹는 장악력이라는게 저런거구나 ;; 사자를 마주한 느낌이었음 끼 대박이다 수진... 팬층 클 만 하네,1,
3:56 서수진 미쳤다...????,1,
3:42 이 영상의 하이라이트,1,
조회수가 이 무대 레전드라는거 인증해줌ㅋㅋㅋㅋㅋ,1,
꼴등이라니 엠넷 연습생 상대로 사기치더니 이제 아이돌 상대로 사기치는거야??,0,
3:56  이거보려고 매일 이영상 들어옴여잔데도 볼때마다 웃음이남,1,
등수 신경안쓰는편인데 유튜브에 올라온 퀸덤영상중에 이게 조회수1등인데 6등이라는거 생각하면 억울해서 미칠것같음,0,
박봄님이 뭉클해 하시는거 왜케 흐뭇하지,1,
서수진 사랑해.,1,
민니야 나주거,1,
민니파트때.. 민니 원샷좀 잡아줘요 카감님..,0,
수진하고 서수진나오면서 춤출때 소름 돋음ㅠ,1,
"1차때 너무 잘해서 기대치가 높아진것도 있고, fire라는 곡 자체가 2ne1 색깔이 너무 강한것도 있는듯. 다른곡보다도 특히나 이곡은 원곡자가 생각이 안날수가 없는데, 무대에서의 무게감이 원곡자에 비해 약간 아쉬웠을뿐 편곡이나 무대구성은 너무좋았음 특히 인트로랑 댄브부분. 개개인을 봐도 자기가 지금 갖고있는 능력치 내에서 최선을 다했는데, 특히 CL파트를 저만큼까지 소화하는 사람 아직까지는 못본듯. 수진 댄브도 좋았고.무엇보다 fire에 도전했다는거 자체에 높은 점수를 주고싶음. 그정도로 쉽지 않은 곡임을 다시한번 느꼈음. 그리고 1차때는 확실하게 눈도장 찍고, 반면 2차때는 조금 리스크를 안더라도 본인들이 하고싶은 곡을 해보는것도 좋은 전략이었던 것 같음. 앞길 창창한 아이들에게 좋은 경험이 됐을듯 하네요.",0,
이 무대 한 날이 벌써 작년 오늘이야 ㅠㅠㅠㅠㅠㅠㅠㅠㅠㅠ 그리고 소연아 생일 축하해 사랑해 작년에는 퀸덤 한다고 잘 못 쉬었을텐데 오늘은 사랑하는 사람들이랑 즐겁게 놀길 바랄게??????#천재선장_전소연_23번째_항해,1,
진심 전소연 님은 무대 즐길 줄 아시는거 같음.,1,
수진 나올 때마다 여자 관객 분들 죽으시는데 ㅋㅋㅋ 아 물론 나도,1,
수진 어쩜이래 ㅜㅜ,1,
와 진짜 화...........려한 조명이 나를 감싸네 미안하다 이거 보여줄려고 어그로 끌었다 레알 서수진 섹시미 실화냐 자칭 큐티라던 사람 맞나 진짜 세계관 최강자의 멋짐이다 대한민국 여자들의 가슴이 웅장해진다+아니 진짜 예슈화 찰랑찰랑할때 나 ㄹㅇㄹ 트루로 100번째로 반할뻔했다 이래서 괜히 첫사랑기억조작녀가 아니야 ㅎㄸ,1,
fire라는 노래가 사람들 머릿속에 2ne1의 명곡으로 너무 깊숙히 남아있고 2ne1아니면 소화할 사람도 없다고 생각하는 경우가 많았어서 누군가 보기에는 기대 이하였을진 몰라도 나는 그 시대를 다 타고온 사람으로서 되게 대견함 아이들이.. 데뷔 2년차가 10년도 차이나는 대선배의 명곡이자 데뷔곡을 직접 편곡하고 무대구성해서 이렇게까지 했다는게 솔직히 안믿겨짐 너무 잘했음,1,
3:55 수진 미쳤나봐...... 끼봐라ㅠㅠ연예인해줘서 고맙다고 절하고싶을정도다,1,
딱 정글처럼 분위기 딱 바뀌면서 댄스브레이크 하다가 수진 혼자 독무 하는 부분 진짜 약간 그 정글에 살고있는 뱀 느낌나서 소름... 서수진 사랑해,1,
여돌 여팬들은 솔직히 이그룹 저그룹 다좋아함..여돌들끼리 친목을 한다? 어우 감사합니다 좋아라 하고 감상하지근데 남돌 팬들은 절대 그러지 않아..킹덤 이런거 만들지말고 퀸덤2나 만들지...,1,
수진 철럼 너무 중독적이야ㅠㅠ 냄들철럼,1,
"4:46  저기 남자분 119 불러드릴까요..? 사양하지 마세요 나도 119가 필요해 어머, 내 코피 봐..",1,
2:38 으어어어어엉ㆍ허어어어어어어!!!!!!!,1,
볼때마다 직캠이 없어서 너무 슬픔...,1,
4:12 슈슈 파트 개쥬아???????,1,
다라한테 녹화해서 보여주고싶다 원곡자가 할수 있는 최고의 극찬이다,1,
이무대 코디 진짜 찰떡인듯 곡분위기랑 아이들 특성살려서 다 잘한것같다,1,
수진 표정 쩔어진짜ㅠㅠ,1,
유튜브에 퀸덤치고 조회 수 순으로 바꾸면 이게 맨 위에 뜸 근데 이 무대가 6등???? 말이 안됨ㅠㅠㅠㅠㅠㅠ,1,
아니 큐브 외국인들은 노래만 부르면 다 한국어 천재가 되는겨;; 발음 오짐,1,
3:42 ...너무 좋아..,1,
3:56 봐봐 쫌..,1,
3:56 너무 좋아서 울고 싶다,1,
와 라이브 정말 잘한다,1,
수수 무대 밑에서는 부끄부끄ㅎ 아잇 난 론리ㅎ 이러다가 무대 위만 올라오면 진짜 카리스마 쩐다... 멋있다,1,
근데 퍼포먼스도 퍼포먼슨데 무대조명이랑 카메라구도가 진짜미친거같음ㅈ같은 음악중심은 안무거의 1도안보이는데 여긴 다보이며서 개개인 도 다특색살림ㄷㄷ;;,1,
아이들을 보고 있으면 카드 게임을 하고 있는 것 같아.,1,
전소연 무대매너 지린다,1,
이노래가 6위가 아닌 이유: 박봄이 다라한테 녹화해서 보여주고싶다고 함. 원래 가수 인정을 받음.,1,
솔직히 이 무대가 6위인건 말이 안돼지ㅋㅋㅋ 조회수를봐ㅋㅋㅋㅋㅋ,0,
진짜 봐도봐도 편곡미쳤다ㅋㅋㅋ 제대로 정글이네ㅋㅋㅋ 요즘 정글느낌 하나둘씩 나오는거같은데 이 정도의 느낌은 못주는듯 와이지 나쁘다 음원좀 내게 허락해주지 치사하게ㅡㅡ정글컨셉으로 노래 한번 더 내줬으면좋겠다,1,
"솔직히 2NE1이 넘사벽이긴한데, 그나마 이정도로 만들어 낸 건 대단하다고 인정해야줘야함. 다른 아이돌은 이정도의 느낌도 못냈을 거임",1,
"편곡 소연 ,,,, 와 진짜 개 멋있다",1,
우리 아이들언니들도 잘하지만 백댄서분들도 진짜 잘하시고 멋있다!,1,
2:40 나나나난 울지 않아 바보처럼 이거 나만 중독성 있냐..? 계속 맴도네,1,
전소연 랩파트 치고나올때 속 ㅈㄴ뻥뚫림 ㄹㅇ개시원,1,
진짜 보면 볼 수록 빡 돌아서 쓴다. 엠넷은 대체 뭐해. 이럴거면 탈락제도는 왜 만들었는데? 딱 봐도 1년 차 신인에 1차 경연에 1등. 이번에 투애니원의 느낌을 내지 못했다하면 그만이야? 이해 못한다 진짜. 다른 팀들이 Fire 하면 아이들 반도 못해.,0,
수진 진짜 개미챴다...??,1,
진짜 퀸덤보며 잴 어이없던건 아이들6위다..,0,
퀸덤 조회수 1등 무대가 꼴찌라니 .. 조작을 했어도 좀 잘좀 하지 ..,0,
수진 끼는 진짜 미쳤다...근데진짜 투에니원 너무 대단한그룹이네ㅠㅠ 라타타 지난경연보고 아이들도 진짜 쩐다생각했는데 투에니원 포스를 못따라가네ㅠㅠ,1,
솔직히 이 노래 아이들 아니면 누가해..?,1,
미연이가 와이지 있었어서 그런가 ㅠㅠ 목소리 너무 잘 어울려 아이들 사랑해????,1,
미친 사랑해 예슈화 ㅠ,1,
"아이들이 퀸덤 공신. 아이들이 처음으로 라타타 무대 재구성해서 보여주고, 엄청 퀄리티 높은 무대 계속 보여줘서 다른 팀들도 더 동기부여 받은 거 같음. 안 그랬으면 퀸덤은 그냥 활동했던 곡들 다시보여주는 느낌이었을 테고 흥행도 못했을 듯",1,
진짜 장난아니다 심장을 뒤흔든다ㅠ...,1,
3:55 서수진 이거 보러 맨날 온다,1,
아이들은 대중픽이 진짜 강한듯.. 뭐라 해야하지 ..? 물론 코어팬도 단단한데 원픽 그룹 있는 팬들에게 만인의 차애팀 느낌?ㅋㅋㅋㅋ 그냥 다 좋아하는 듯,1,
미연 목소리 카랑카랑 한 거 너무 좋다 진짜ㅠㅠㅠㅠ,1,
미연이 그와중에 마지막에 민니랑 화음 쌓으려고 하네.. 최고다 조미연,1,
진짜 아이들입덕해야겠다ㅜㅜ다잘해ㅜㅜ이와중에 지민 팔장끼고 앉아있는거보소ㅋㅋ한대치고싶다,1,
아이들은 ㄹㅈㄷ임..,1,
솔직히 6등이 뭐냐 ㅅㅂ 퀸덤 통틀어 조회수가 젤 높은데,0,
애들아 너희는 잘했다. 원곡자들이 너무 십넘사라 그런거다. 너무 잘했다,1,
3:55 ㄹㅈㄷ,1,
2:39 거의 절규하시는데 ㅋㅋㅋㅋㅋㅋㅋㅋㅋ어어어어어어어억어....!!!!!!!!!!,1,
댓글이 다 최신이야 ㅋㅋㅋㅋㅋㅋㅋ,1,
난 진짜 수진이 저런 표정연기를 한 무대가 어느 그룹 아래라는 생각을 하지도 못했다,1,
ㅇㄴ 뭔 남자분 목소리가ㅋㅋㅋㅋ 우어어ㅓㅏ각!!!!!!!! 이러고 있엌ㅋㅋㅋㅋㅋ,1,
슈화 파트가 진짜 없네... 영상이 4:52 짜린데 슈화 파트는 4:13초에 처음 나옴;;,0,
2:56 슈화 박자 못맞추는거 너무 귀여워 ㅠㅠㅠㅠㅠㅠㅠㅠ,1,
아이들은 진짜 유니크한 그룹이라 소연이 우기 민니 수진이가 엄청 튄다고 얘기하는데 슈화랑 미연이가 애들 얼굴이나 컨셉을 다 조화롭게 잡아주는 느낌. 슈화랑 미연이 얘기는 없지만 여섯멤버들중 한명만 없었어도 아이들은 이렇게까지 못왔을거같은 느낌임 결론은 아이들 사랑한다고ㅠㅠㅠㅠㅠ,1,
2:10때 우기 체인 찰랑거리는 소리 궈여워ㅠ,1,
3:56 수진씨 저 레드립에다가 끼 어쩔 꺼예요!!!!!!ㅠㅠㅠㅠㅠㅜㅠ 아 지ㅣㄴ짜 사람 하나를 붙잡으시네,1,
4:04 여기 수진 솔로 다음에 박자 딱 맞춰서 소연 나오는거 넘좋다진짜..,1,
"조회수만 봐도 누가 더 잘하는지 알 수 있을 것 같은데,6위라니ㅋㅋㅋㄱㅋ 견제 오지네ㄲㅋㄱㅋ이번엔 투표 조작 하지말고 잘하자 암넷아",0,
아니 이게 퀸덤 전체 조회수 1위인데 6위를 주냐 ㅋㅋ,0,
이게 6등이라고?? 세상은 다 거짓말로 가득차있어...헛살았어...,0,
4:39 수진 우기 민니 차례대로 나오는거 개좋,1,
2NE1이 워낙 레전드였지만 이 무대보면서 못한다는 생각 단1초도 든적없음 게다가 자기들색깔을 나타내면서 원곡을 크게 건들지않음..진짜 천재들이야..,1,
으앙 슈화 짱ㅠ 너무 귀여워,1,
근데 이거 완전 중독성 쩜 뜰때마다 보러옴.. 나만 이런거 아니지,1,
우기 머리 너무 귀엽ㅈ나ㅠㅠㅜ안무 할때마다 머리가 계속 자기 치는데돜ㅋㅋㅋㅋㅋ생선가게 가면 파리 쫒을때 계속 돌아가는 그거 같ㅇ ㅠㅠ 아 이런 생각 안되는데 귀여워 미친 ㅠㅠㅜ,1,
와 어쩜이리잘하지원곡느낌살리면서 자기색깔드러내는거천재다 정글느낌도 좋은데 이게 6위라고?,1,
젊은천재가 생기는거같다(다른분도 뛰어나지만 저의 지극히개인적인 의견입니당)래퍼는 이영지님(19)작사편곡은 전소연님같은느낌,1,
헐 이게 꼴지 무대였다니... 암넷이 암넷한거구나... 바부야 모를줄 알았냐?,0,
4:04 수진 대박이네 딱 저 부분에 수진 몸에서 수증기 내뿜는 것 같음 뭔가 그런 느낌,1,
4:46 포효하는 사자의 목소리 으워어어아아ㅏㅏㅏㅏㅏ!!!!!!!!!!,1,
방금 식스센스를 보고온 사람으로 한마디를 하겠습니다. 이게 6등이었다는 것은 우리집 금붕어 황금이가 봐도 이해 하지 못할것 같습니다.2500개 감사합니다,0,
3:59 여기 급나 웃긴데 왜 아무도 언급안해ㅠㅋㅋㅋㅋ큐 나 이분 욀케 좋냐ㅠㅠ 진짜 나올때마다 웃겨ㅋㅋㅋㅋㅠ  당신은 갓혜정!!,1,
얘네는 전소연도 전소연이지만 보컬이 개사기임 ㄹㅇ,1,
남의 랩 내랩으로 만들어 버리는 전소연....,1,
유일하게 6위한게 이해가 안되는 무대임 주작 존나 티남,0,
서수진은 입술로 사람 홀리나 봐...,1,
편곡 진짜 이번편에서 되게 잘한편에 들어간다고 생각하고 되려 원곡과 확 느낌 다르게 편곡하는것보다 이렇게 좀더 최근 트렌드에맞게 느낌을 바꿔준게 Fire 라는 노래를 아는 대중들에 대한 향수도 불러일으키고 너무 좋은것같은데 왜 아래표 많이 받았나 아직도 의문임....ㅠㅠ 올타임레전드 2ne1 노래를 가지고 이렇게 본인들느낌 잘살려서 어울리게 녹인거만으로도 충분히 되게 잘하는거라고 생각함... 이거보고 2ne1무대 찾아보지 않았다는것 자체가 이 무대만으로도 기대감을 확실히 충족받았기때문이라고 생각 아이들 진짜 최고야ㅠㅠ,1,
개인적으로 이 무대 수진하고 슈화가 의상하고 너무 잘어렸다 ㅠㅠ 사랑해,1,
0:39 도입부부터 칭찬해주는 혜정...♡,1,
아 진짜 아이들 너무 좋다ㅠㅠ,1,
아이들 사랑해 ㅠㅠ??♥?????????????,1,
0:55엉엉엉 잡덕 죽음 엉엉,1,
이ㅣㅣㅣ래서 방송국놈들이 안된다는거야..,0,
나 이거 보고 슈화 ( 님 ) 입덕함 존나 예쁜 언니가 찰랑찰랑 하는데 누가 안반할까,1,
전리다ㅋㄱㄱㄱㄷㄱㄷㅋㅋㅋㅠㅡㅠ77ㅋㅋㄱㄱㄱㅋ수진 나올때 쑤진!!!!!!!하는거도 그렇고 겁나 멤버들 나올때 되게 뿌듯해하는듯,1,
나만 이거 하루에 한번씩 들으러 오나 ㅠㅠ 멤버들 개개인마다 너무 매력있는데 특히 소연이 도입부분이 너무 매력적이다....이게 어떻게 6위임 ㅋㅋㅋㅋㅋㅋ,1,
아무리 봐도 러블리즈에 비해 꿀리는거 1도 없는데 순위가 낮은지 이해가 안가요 그쵸 엠넷^^,0,
이거랑 싫다고말해보고 아이들 팬됐지..,1,
2000만회 가 넘었음..얘네가 다 씹어먹은거임,1,
원곡과 별반 차이가 없다고 아쉽다고 말하는 분들이 있는데 소연님이 일부러 원곡과 크게 다르지 않고 사람들과 소통하는 무대를 하고 싶다고 했어요 아마 이 무대로 인해서 향수처럼 다시 2ne1무대를 생각하게 되는 그런 것들을 원한 것 같아요이번 아이들 무대는 원곡 느낌을 유지하면서+아이들 느낌 에스닉을 추가해서 색다르고 좋은 무대였던것 같아요ㅎㅎ,1,
이제 이거 하루에 한 번씩 안 듣고는 못 사는 사람이 되었다 아,1,
파이어 중독이다 ..ㅎ 싫다고 말해 맨날 보다 이제  파이어 .... 모든게 킬포인 무대 진짜..,1,
"개인적인 하이라이트 1:13""개쩔지? 더쩌는거 보여줄게 수찐!""하는거 같아",1,
2:12 짤랑소리 라이브 인증 개쩐다,1,
1:52 민니파트 완전쩔어요 진짜,1,
전소연은 신기한게 투애니원 커버를 해도 cl이 안보인다.. cl만큼 개성강하고 자기주장강한 아이돌 없었는데 cl과는 또 다른 느낌으로 잘 소화하는듯,1,
아니 진짜 6등할 무대는 아니었다고 생각함..,0,
진짜 몇번을 보는지 모르겠다 물론 원곡은 넘사벽이라 못따라감 근데 개성을 너무잘살림,1,
진짜 큐브는 소연이한테 잘 해줘라 현재 활동하는 여돌 중 랩핑 최강인 듯....,1,
2:09 ㄱㅇㄱ 여기 잘 들어보면 하네스 짤랑짤랑 소리남ㅋㅋㅋㅋㅋ,1,
조회수가 순위알려준다ㅋㅋ 내가 좋아하는 그룹 뮤비조회수보다 높음..ㅠ,1,
박봄 가수님 진짜 뿌듯 하시겠다,1,
다른사람들은 1일1깡을 하지만 난 1일1fire 한다,1,
원곡자들에 대한 최대의 예의를 갖춘 무대라고 생각... 대단하다는 말이 부족 ㅋㅋㅋ그나저나 카메라 개잘잡네 ㅋㅋㅋㅋㅋ,1,
송우기 너무 귀여워서 립스틱 보라색인 것도 까먹고 있었음 ㅠㅠㅠㅠㅠㅠ 기엽워,1,
저때부터 레게풍 덤디덤디 큰 그림을 그렸나 덤디덤디 존나좋아,1,
우기는 퍼포먼스 쩔긴한데 너무 귀여워ㅠㅠ,1,
헐 조회수 미쳤다ㅏ 아이들 짱 멋져,1,
"1:13 소연이가 무슨 비밀명기 부르듯이 ""수진!!!"" 하는게 포인트얔ㅋㅋㅋㅋㅋㅋㅋㅋㅋㅋ",1,
처음부터 끝까지 조작인 엠넷.. 이걸 어떻게 꼴찌를 주냐..꼴찌줄 거였으면 박봄이 산다라한테 보여주고 싶다는 얘긴 편집 시켰어야지.. 원곡자가 인정한 엠넷이 고른 꼴찌라니 이 얼마나 모순의 극치..,0,
1:58 삼촌팬 귀여우시다 ㅋㅋㅋㅋㅋ,1,
3:55 내가 이 장면 때문에 맨날 n번씩 보러온다..레베럽에서 네버랜드 돼게 생겼네...,1,
진작에 이런프로좀 만들지 퀸덤팀들 매화마다 레전드를 찍네 얼마나 답답했겠어 이런무대도 할줄아는데,1,
우리 수수를 본사람들은 팬이 된사람들은있겠지만 한번 수수를 봐도 팬이안된사람은 없을거같에,1,
이게 노래임~~??? ㅋㅋㅋㅋ 작품이지,1,
8월 23일 조회수 2592만회,1,
카메라 일 잘하네,1,
와 아무리 봐도 아이들은 진짜 희생양인듯 진짜 방송보고 왔는데 대체 이게 어딜 봐서 6위임? 설마설마 했는데 암넷 내 상상을 뛰어넘어..,0,
난 박봄 1위나 아이들 1위라도 당연히 생각했다 이 노래를 살려내는 아이돌이 어디있어 이것 만으로도 레전드지,1,
4:25  ♡맘무♡,1,
난 여기 수진이가.그렇게.이쁘더라 ㅠㅠ,1,
미연언니 그거 티셔츠야?수진언니 그거 팬티야?아니 미친 무슨 짧은 걸 입히고 있어제발 이번 덤디덤디 옷 완전 짧던데예전엔 예뻐는데 많이 안 짧고..,1,
"Fire이라는 곡자체가 개성도 강하고 많은사람들이 알고 있는곡이라 편곡을 너무 많이하면 자칫 3자입장에서 2ne1 fire이랑 비교당하면서 2ne1느낌이 안난다, 아쉬웠다등등 같은  평가가 있었을  수도 있었음 사람들은 편곡을 어떻게 하는지도 궁금해 하지만 그당시 2ne1fire의 강렬하고 독특한 멜로디를  그리워하는 사람들이 무조건 있기때문에  적당히 편곡을 하면서 2ne1의 느낌을 살리면서 아이들만의 (라타타,한: 이집트느낌) 특유의 컨셉 정글 느낌을 넣었던게 좋았음. 유명했던 곡이라 편곡하기 엄청 부담스럽고 까다로웠을텐데 다행.",1,
이게 꼴찌라니 백퍼 주작;;,0,
3:36 나만 이부분 에버랜드 아마존 느낌남? 사람들 환호성이랑 분위기 때문에 볼때마다 그 생각하는데...,1,
막내팀이라는게 진짜.....,1,
미연이 진짜 시원하다 왜 메보가 두명인지 알겠음.. 민니는 몽환적인 보이스고 우기는 저음이라 독특해서 둘다 귀에 박히는데 중간에 미연이가 시원하게 불러니까 느낌이 더 사네 ㅋㅋㅋㅋ,1,
엠넷은 조작을 못 하면 프로그램을 못 만듦?,0,
3:55 수진 미쳤는데,1,
유튜브 조회수 투표 들어갔으면 아이들 1위 쌉가능,1,
"고3때여서 퀸덤이라는 프로그램 1도 몰랐고 저기서 박봄이랑 aoa밖에 몰랐었는디, 그때 무대 다 보고 aoa랑 아이들만 감탄 나오고 계속 기억에 남더라,,,",1,
1:07 댄서분들 어케 한겨;; ..오ㅏ 겁나 신기,1,
진짜 1일1아이들하는데 진짜 볼때마다 드는 생각이지만 소연언니가 컨셉을 잘 찾는 것도 있지만 스타일리스트가 진짜 멤버별로 잘어울리는 옷스타일을 정말 잘 찾는듯 그리고 맨날 코디에 묻히는데 진짜 화장이 멤버별로 찰떡임 파츠나 글리터 붙이는거 진짜 레전드임 그리고 악세사리도 진짜 잘고름!!!,1,
2:29 어허 좋다~,1,
"수진이는 몸이나 의상,메이크업 이런거 에티튜드가뭔가 굉장히 원초적이고 야시시한데. 근데 이걸 소속사도 본인도 그 점을 되게 잘 알고대중적인 매력으로 잘 승화하는게당당하고 멋있어보임.",1,
진짜 아이들 퀸덤 무대 볼때마다 계속 소름돋음..,1,
아이들도 너무 잘했는데 원곡을 이기진 못하는듯 ㅠㅠㅠㅠ박봄 목소리 진짜 독보적,0,
수진님아... 그만 부숴 내 심장... 뭔 곡 할때마다 킬링포인트에서 내 심장을 뜯고 맛보고 즐기고 그르냐... 민니님도.. 앞머리랑 목소리랑 넘 잘 어울림..,1,
마스크 안쓰고 직접 가서 즐길 수 있었던 시절... ㅎ 그립다 ㅋㅋㅋ,1,
조작도 적당히 해야지 1등에서 6등ㅇㅣ 말이되냐곸ㅋㅋㅋㅋㅋㅋㅋㅋㅋㅋㅋㅋ 아이들 이 그룹운 곡도 받지않고 소연님이 스스로 작곡 하는뎈ㅋㅋㅋㅋㅋㅋ진짜 엠넷 웃기네 ㅎ,0,
아니 이게 왜 6등이냐고..,0,
아 진짜 이거 음원 안내주나요ㅠ? 중독성 쩔어서 매일 보러오는데 음원 좀 내줘요 제발 ㅠㅠㅠㅠㅠㅠㅠ,1,
저번에 어디선가 우기 머리 왜저러냐고 코디 욕하던 사람있었는데 산다라박머리를 모른다는게 충격이였다.....,0,
아이들의 개성으로 정말 잘 살린 무대...너무 멋있어....,1,
1:12 수진,1,
소연 나올 때만 에너지가 다름 ㅋㅋㅋ 대박,1,
이 무대는 2ne1에게 예의와 존경을 표하기위해 아이들 개성과 편곡같은건 자제했다는거같던데 진짜 똑똑하고 예쁜마음이야 ㅜㅜ,1,
역시 조회수는 거짓말 못 함 ㅋㅋㅋㅋㅋㅋ,1,
이게 6등이였다고..,0,
1:14 쑤진 !!2:10 이때부터 우기 너무 좋다 가사랑 우기 목소리 너무 잘 어울려3:56 쑤진 어흥 너무 좋아 ㅠㅠ,1,
저기..  컴백홈 옵쏘소 투표 안할꼬양~ 그 슈슈맞나여..?  ♡♡,1,
이것보다 어떻게 더 잘하냐 이게 꼴등이 말이 돼?????????,0,
아직도 댓글보니 인정못하는 사람많네 물론 나도지만.....,0,
전소연 렛츠고랑 끼쟁이 서수진이랑 쫠랑쫠랑 슈화랑 흑마법사의햄스터 우기랑 미연이 별들로랑 민니 미미미미미미미치고싶어 주기적으로 안봐주면 삶의 활력이 안생김,1,
진짜 너무 잘한다 소연이 랩 진짜 잘한다 요즘 저런 아이돌 여성 래퍼가 있나,1,
조회수 2000만 회 넘은 게 6위라는 것부터 넘나 조작조작...,0,
진짜 솔직히2차 경연은 러블리즈가 6등 아니여서 진심 놀랐고 아이들이 6등해서 소리지름 이 무대가 6등이라니 또 조작인가? 싶었지,0,
2:37 누가 오열하네 ㅋㅋㅋ,1,
1:53가사:미미미미미미미미멜로디:미미미미미미미미똑같네요,1,
아래표 많이받은게 너무 이해안되는데 ..,0,
여자라면서수진사랑한다,1,
"미연언니 진짜 메인보컬이라 그런가 박봄님 파트 완전 잘 소화함 사랑해,,,,,ㅠㅠ",1,
모든 진실은 조회수가 말해준다,1,
나 진짜 우기 볼려고 맨날 들어와...,1,
이게 6위...?,0,
3:06 반해쏘..,1,
대체 왜 꼴등이야,0,
시작 우기 목소리는 왜 들어도 들어도 소름돋냐,1,
"진짜 잘했음 아이들 색깔 넣어서,, 그래도 투애니원 세대 분들은 다 알겠지만 투애니원 파이어는 진짜.... 아무도 못 뛰어넘음",1,
소연 언니는 ar mr을 가지고 논다... ar에 mr로 부르다가 ar만 띄우고 mr로 포인트 주고 진짜 전체적으로 너무 대단하다고 느끼는 무대...,1,
소연 이런 스타일에 잘 어울린다,1,
1:00 찌발 언니 사랑혀,1,
또 보러왓지만 edm 잘 안쓰는 방향으로 편곡 잘한거가틈. 임팩트가 무조건 크다고 편곡이 잘된건 아니니까 그룹색에 맞춰서 진짜 잘한듯,1,
미연 진짜 YG느낌나네 ㅋㅋㅋㅋㅋ 괜히 오래있던게 아니야.. 물만난 물고기 느낌,1,
전소연 등장할때 개짜릿해 ㅋㅋㅋ,1,
왜 ?????????????? 이 좌표가 없어 레전든데3:56 3:56 3:56 3:56 3:56 3:56 3:56 3:56 3:56 3:56 3:56 3:56 3:56 3:56 3:56 3:56 3:56 3:56 3:56 3:56 3:56 3:56 3:56 3:56 3:56 3:56 3:56 3:56 3:56 3:56 3:56 3:56 3:56 3:56 3:56 3:56 3:56 3:56 3:56 3:56 3:56 3:56 3:56 3:56 3:56 3:56 3:56 3:56 3:56 3:56 3:56 3:56 3:56 3:56 3:56 3:56 3:56 3:56 3:56 3:56 3:56 3:56 3:56 3:56,1,
슈화파트 중독성있어,1,
원곡에 비해 아쉬운 감은 있지만 그건 투애니원이 넘사여서 그런거지 절대 아이들 실력이 부족해서가 아님 6위할 무대는 아니였다고 생각했는데 이번에도 럽리가 꼴등하면 불명예 하차라서 다들 눈치보다가 아이들 투표한 거 같다는 느낌ㅠㅠ 너무너무 억울하다 아이들 이번 일로 기죽지말았으면ㅠㅠ,0,
1일 1 Fire 합니다,1,
소연님 진짜 이쁘다..,1,
"역시 fire은 그대로 들어야지,, 아이들 진짜 생각 잘했다 이 곡은 편곡 억지로 쑤셔 넣고 자기 색깔 보여 준다 해서 2ne1 본연의 색을 감출 수가 없다,, 잘했다 정말",1,
와 조회수....,1,
2:16 우기야..도망쳐,1,
박봄 진짜 보는 눈빛이 촉촉해서 넘 좋다ㅎㅎ 물론 아이들이 좋아서 그런 눈으로 보는게 아닐 수도 있지만 뭔가 진심 담긴 눈빛이라 쏘 감동,1,
이런 편곡에 이런 노래에 이런 무대한게 꼴지인거 진짜 이해 못해..... 계속 돌려봐도 어이없어..... 음원도 이것만 안 풀렸던데 이런 무대 꼴찌 나는 이해 못한다.......,1,
슈화 귀여워 슈슈♡ 수진이 진짜 너무 이뻐 매력이 넘쳐요~♡소연이 우리 천재님♡ 민니 왜이리잘해♡우기♡♡ 귀엽고 깜찍한 반전매력 보이스♡,1,
ㅠㅠㅠㅠ  아 이것도  너무  멋있어 ㅠㅠㅠ,1,
아니 민니 제오인격에 나오는 예쁜 야만인 닮았음ㅋㅋㅋㅋㅋㅋㅋㅋㅈㄴ 예뻐,1,
멤버들 조화가 진짜 좋다... 다 개성이 너무 다름... 같은 쎈캐인데 소연 수진이 완전 다르고 같은 청순인데 미연 슈화가 또 너무 다름 우기는 본적없는 귀여운외모에 반전 목소리 민니는 걍 존나 독보적 목소리 호소력? 색깔 진짜 짙은느낌 전소연이 진짜 프로듀싱을 잘하고있는거같아,1,
fire이 다른 멤버들도 잘어울리지만 소연 발성이랑 음이 너무 잘 어울려씀,1,
왜 6등읗 했는지 모르겠는데;;,0,
죄송한데 이게 어떡해 꼴등이죠???,0,
무대를 진짜 즐기는 게 느껴져,1,
8월3일 아이들 신곡나옴니다.,1,
1:14 소연이 진짜 열심히 하구나..ㅠ,1,
민니 엔딩 때 진짜 멋지다 밋쳣따 너무멋진데?!?!!??!!!!,1,
여기서 더 느끼는건데 수진이 춤선 너무 섹시한 말랑 순두부같애ㅠㅠㅜㅜ,1,
3:56 ????언니 나 죽어,1,
덤디덤디 보고 온사람 손!! 일주일에 한번씩은 출첵 하는듯 ㅋㅋㅋㅋㅋㅋㅋ 아이들 대박나라!,1,
다른 그룹들 리액션 보면 아뽕 차서 주기적으로 보러옴,1,
식스센스 보고 왔는데이 무대 순위 조작입니다.,0,
난 솔직히 마마무는 아이돌 걸그룹이라고 생각 안하니까 제끼고 아이돌 걸그룹 중에서는 아이들이 모든 무대가 완벽하네 누구 하나 빠지지 않고,1,
소연이 저때 생일이어서 저렇게 신났던거구나 ㅋㅋㅋ귀여워 ㅋㅋㅋ,1,
내가 전소연이면 퀸덤 피디한테 가서 침튀기면서 욕하면서 랩할 듯,0,
조회수만봐도 답나오네 1등했어야했는데 조작을할꺼며느제대로해 ㅋㅋㅋ,0,
전소연...사랑해.....,1,
역시 조회수만 믿어야지,1,
"아니 언니들 나 앓다 죽어.... 언니들 6위한거 실화야..?? 언니들 미안해 내가 장기팔아서라도 방청갔어야했는데 언니들 지금 고개숙인 모습보고 나 지금 바닥 부숴버렸잖어,,아래층도 노래듣고 6위는 애바라고 같이 우는중이야.. 내 신장 뭐하니 왜 붙어있어 지금 없었어야지 미쳤니",1,
싫다고 말해를 보고 소름돋아서 계속찾아보다가 여기까지 왔어요 ㅋㅋㅋㅋ 와 이걸 이제 봤네..,1,
이게 6등이라니....ㅠ,0,
전소연 미쳤다 무대 장악력 오지네,1,
그래 그냥 엠넷 너네 맘대로해라 차피 대중은 아이들을 선택했고 음악시장이라는것도 대중이 결정하는거니까,1,
"퉤니원은 그때 그 시절만의 감성이 있는데 그거 최대한 살리면서 지금 트렌드에 맞춘 전소연 리스펙; 누가 파이어를 정글 느낌으로 하겠어,,",1,
원곡이 넘사긴 하지만 개인적으론 진짜 잘했다고 봄 정글컨셉으로 신박하게 편곡한 것도 좋았고 전소연 도입부도 좋았고 수진 끼부리는 거 ㄹㅇ미침 한 5번은 돌려본듯 본인이 예쁘고 섹시한 거 너무 잘아는 것 같아서 좋다ㅠㅠ,1,
와 ..저렇게 서로의 곡으로한 무대를보면서 뭉클해하고 칭찬하고..ㅠㅜ 넘 보기좋다진짜 그냥 경쟁이아니라서로 즐기구 챙겨주는느낌...ㅜㅠ 크ㅜㅜ,1,
엠넷 진짜 정떨어짐...ㅠ,0,
3:04 나 이거 9137342번째 보는중 진짜미친거아님????,1,
개 잘한건 팩트. 근데 원곡이 너무 강렬하게 다가왔던 내 또래 세대들에겐 약간 아쉽게 느껴질 수도 있음. 원곡에 너무너무 익숙해져서 우리가 알던 '맛'이 안 사는게지ㅜㅜ 그래도 우기는 나름 산다라 느낌 잘 살렸고 수진아 너무 사랑합니다 내가,1,
1:58아.....아저씨가 왜 거기서 나와.....?,1,
아이들 잘했는데 원곡이 너무 넘사라 점수 낮은거 아닐지... 진짜 이렇게나 잘하는데 원곡 마려운건 원곡이 너무 쌉넘사라는거임,0,
"0:55 0:55 0:550:55 0:55 0:550:55 0:55 0:55 여기 승희가 ""아이들~"" 하는거 너무 중독성 있음 ㅋㅋㅋㅋㅋㅋ+여기도 2:20",1,
님들아 이건 암만 봐도 이상하지 않음? 다른 팀들이 러블리즈 떨어질것 같으니까 불쌍해서 꼴찌안주려고 희생양이 될 꼴찌팀으로 아이들로 한것 같은데 나만 그렇게 생각하나?,0,
아니 이게 왜 6위야ㅜㅜ,0,
퀸덤에서 카리스마 하면 여자 아이들이였고 걸크 하면 마마무였음 쩐다,1,
수진 투나잇 다음에 고음부분 듣고 개놀랐네,1,
진짜 이 무대가 꼴등이라니 ㅋㅋㅋㅋㅋ눈가리고 아웅도 정도가 있지 ㅋㅋㅋㅋㅋㅋ야 대중들 다 눈 있어 이걸 꼴등을 주고 앉았네 진짜 ㅋㅋㅋㅋㅋㅋㅋㅋㅋ,0,
조작 인정 진심ㅋㅋㅋ 사람들이 바보로 보이나,0,
미연 노래할때 ㅋㅋㅋㅋㅋㅋ노래가 젤루 쉬운ㄷ뎅!? 노래 잘하는 걸 왜 모태!?!ㅇㅅㅇ? 라는 느낌임ㅋㅋㅋㅋㅋㅋ,1,
"2:56 , 3:21 예슈화 박자 못맞추는거 왤케 귀여운데 ㅠㅠㅠ",1,
랩 잘하는 애가 한명 버티고 있으니 곡이 꽉 차는 느낌.,1,
3:55 서수진이 미래다.,1,
조회수는 거짓말을 하지 않는다,1,
예슈화 음색 존나 예뻐,1,
애들이 전체적으로 무대 할려고 긴장한게 아니라 걍 시청자랑 관객들이랑 놀려고 하니까 그 자유롭다는 ‘fire’ 느낌을 진짜 잘 살림근데 왜 6위했냐;;;; 해명하라,1,
뜬금없지만 2:00 이여자분 아이즈원채연 닮았다,1,
소연이 진짜 잘한다,1,
이 무대 너무 많이 봐서 승희씨가 위얼 아이들~~ 하는 타이밍까지 다 외움,1,
소연 언니 날 가져요♡,1,
슈화 파트 왜 이렇게 없냥 ㅠㅠ 같은 파트만 두번밖에 없궁 ㅠㅠ,1,
퀸덤 도중에 나오는 에이오에이 진짜 보기 싫다;;;,0,
아이들에 빠져서 퀸덤 볼까 하다가 이게 6위라니.... 보면 고구마 일거 같아서 안봐야겠다,0,
하 2NE1ㅠㅠㅠ 추억이다 ㅜㅜ,1,
근데 진짜 이게 왜 6등이에여?????????다시봐도 이해안감,0,
누가 서수진 옷에 계란말이 붙혀놨냐,1,
다른 멤버들도 다 잘하고 전소연은 말할 것도 없지만 난 이그룹 수진?이라는 멤버 처음봤을 때 진짜 충격먹었음. 춤추는 영상을 봤는데 진짜로 이게 뭐지?싶은 느낌이었던...이게 무슨 느낌인지 무슨 장른지도 모르겠는데 춤선이 너무 독특해서 순간 내가 같은 춤을 보는건가 혼란스러울 정도였다 너무 매력있어ㅠ,1,
2:20 니가 더 귀여워,1,
수진이 파트에 왜 우는 사람이 있냐,1,
근데 우기언니 머리 마시멜로우 굽다가 타서 녹아내린거 같아.. 미안해여 우기언니,1,
전소연은 이제 천재라고 말하기도 입아프다... 파이어 하고싶다고 했을 때부터 이 느낌이 다 머릿속에 있었다는 거;; 원곡을 해치지도 않으면서 아이들 스타일로 완벽하게 재해석함물론 투애니원은 멤버들 개개인 역량이 워낙 대단하니 그만큼 무대가 풍성하지 못할 수는 있지만 멤버 배치도 적재적소에 잘하고 하튼 그냥 천재다,1,
엥 이거 편집 개이상해,0,
지금도 보러오는 사람 있나? 아무래도 이거 사랑인듯,1,
솔직히 이게 왜 6등했는지 이해가안감 ㅜㅜㅠㅠ,0,
아래표가 아니라 견제표인 수준이네어떻게 이무대가 아래표를 3표나받아......???아이들 제일 후배라고 만만한것도아니고,0,
조미연 발음 정확한거 귀에 확 꽂힌다.. 다들 넘예...??????,1,
뭔가 느낌이 비슷한듯두 팀다 파워풀하고,1,
1:03 나만 이 부분 계속 기억나나 ㅎㅎ,1,
퀸덤 순위조작이라는데 솔직히말하면 아이들이 1등후보감임,0,
4:12  슈화언니 찰랑찰랑,1,
이 무대가 6등인 이유 좀,0,
쿨타임 찰 때마다 봐야함....,1,
역시 전소연은 전소연이다 슈화 목소리가 좀 얇다보니 최대한 뒤쪽에 그나마 어울리는 파트를 배분해준게 정말 잘한 것 같다 이걸 보면 어쩔 수 없이 러블리즈랑 비교하게 되면서 전소연의 프로듀싱 능력을 실감함,1,
2:52 신지민표정보소 다들 흐뭇해 하는데 열등감느끼는거?,0,
아니 수진언니 후반부에 끼부른거뭐야????????? 아진짜 나죽어요 언니 나 운다고ㅠㅠㅠㅠ!!!!!!!,1,
히힛 또 보러왔당 아이들 짱~??,1,
이게..........식스센스한테..........밀...려? 아무리 봐도 어디가 뒤쳐지는지 단한순간도이해가되지않아,1,
이게 왜 6위지... 내 맘 속엔 당신들이 평생 1위야...,1,
여러분 댓보다가 씁니다아이들은 사랑입니다?,1,
민니 원샷 좀 잡아줘... 직캠도 없던데....,1,
저렇게 격하게 추는데 앞머리가 멀쩡한게 신기한거 나만그런강...,1,
아이들은 직접 편곡을 해서 아이들만의 느낌(?)을 낼 수 있어서 넘 좋음,1,
1:14 쑤찐!,1,
이게왜 꼴등이냐?,0,
잘했다 잘했는데 이전에 투애니원 마마 무대를 보고와버렸어...,1,
근데 아이들도 퀸덤 나온거 되게 잘한거같음아이들에서 전소연밖에 몰랐는데 슈화나 민니나 다른 멤버들 다 알게됨실력은 뭐 전부터 알고있었으나 그걸 퀸덤에서 아예 꽃피운듯,1,
다 감탄하고 앉아있는데 어딜봐서 꼴지냐 머리빼놓고 다니냐 암넷아,1,
조작 재미있나요..?,0,
시간 없으신 분들 서수진 킬포라도 보고가세요3:56~4:07,1,
ㅇㄴ 올때마다배댓이바뀜 나만그래...? 알았어... 더 열심히 올게,1,
전소연 능력이면 충분히 더 편곡할 수 있었을텐데 일부러 자기가 동경했던 선배들 향수 느낄수있게 큰 틀은 그대로 잡고 조금만 바꾼듯 근데 너무 좋다 ㅠㅠㅠㅠㅠㅠㅠㅠㅠㅠㅠ 파이어가 너무 쎈곡이긴 했어도 엄청 잘 소화한것같은데,1,
이게 러블리즈 식스센스보다 못했다는거 납득시켜주실 분,0,
나만 처음 시작할때 가슴 웅장해지나; 거의 나루토급;,1,
1일1찰랑 찬양중,1,
1:13 볼 때마다 서수진 나오고 여덕들 앓는 소리 들리는 거 개웃김 나랑 똑같아 아악... ㅠㅠ,1,
아직도 아이들이 1위 못하겐 이해가 안됀다.. 이렇게 완벽한데,1,
진짜 매번 보러올때마다 이 무대가 6위라는게 마음이 정말 아프지만 순위에 대한 언급보단 아이들이 정말 본인들만의 색으로 정말 잘했다는 사실을 알고계셨으면 좋겠어요 우리 기들 스스로 왕국 세웠잖아요 ㅎㅎㅎㅎ,1,
"아니  Fire 곡을 고른게 신의 한수인것 같은데 6등이 말이돼냐고 ㅋ 조회수도 젤 높고 무대도 개 잘했는데 .. 개인의 생각이 아닌 모두의 생각을 주작으로 점수를 바꾼다는게 너무 싫음.,;; 다시 한번 생각해볼 기회를 주고싶다 엠넷한테 ????????",1,
소연 랩에 치이고민니 몽환적 보이스에 치이고미연 청량감에 치이고우기 저음에 치이고슈화 찰랑찰랑에 치이고수진 걍 서수진에 치인다결론은 아이들 만만세 짱 사랑해요,1,
1:00 와 소연 진짜 세게 뱉어내는 거? 라고 해야 하나 너무 좋음 ㅠ,1,
볼때마다 전소연이 멤버들 진짜 좋아하고 자랑스럽게 여기는거 느껴진다,1,
이건 진짜 최고라구 아 너무 좋아 킬포가 몇개야....,1,
2:39 3:57 남자분이랑 여자분 목소리 독보적,1,
원곡자도 본인 멤버들에게 알리고 싶다는게 얼마나 큰뜻인데 ㅋ ㅋ 실수했어 엠넷,0,
3:40 여기부터 뭔가 계속보고싶다..,1,
얘네가 왜 아래표 최다야... 서바이벌 프로에 눈치를 왜 보냐 딱봐도 러블리즈가 아래표 최다여야 하잖아,0,
"1:00~1:16 소연이 보컬이랑 춤 파워 다 넘사벽인데 이런애가 가서 픽미픽미♡나 해야됐으니,,,, 암만 생각해도 프듀로 데뷔 안한거 신의한수임",1,
3:55 3:55 3:55 3:55 3:55 3:55왜 이거 박제 안되어있어? 수진언니 미쳐... 날 가져줘.... ㅠㅠㅠㅠㅠㅠㅠㅠㅠㅠ,1,
왜 우기 얘기는 없지 ㅠㅠㅠ진짜 쿵쿵쿵할 때 춤도 격하게 잘추고 머리도 너무너무 귀엽게 잘 어울려어어,1,
딴거보다 서수진 어흥에 죽었다........,1,
3:55 진짜 수진이 끼부리는거 너무 좋다 계속 보게됨...,1,
근데 아이들도 아이들만 보면 YG인줄 근데 와이지 그룹들이랑 비교해서 보면 그냥 완전 큐브 그자체 둘다 너무 잘하는데..?,1,
소연 ㄹㅇ 랩 보컬 다되는  전성기 공민지 같네,1,
아 우깈ㅋㄱㄱ 머리 미치긋넥ㅋㅋㅋㄱㄱ 넘귀엽자너ㅋㅋㄱ,1,
전소연 랩 부분 조금씩 안부르는거 립싱크 아니다 새꺄 이러면서 사람 머리 개때리는거같아서 쌉간지 와 진짜 안본 눈 사고싶다,1,
수진님 옷에 계란스크램블....인가?....그거같다,1,
"여자아이들은 일반 아이돌과는 차원이 다르게 자기들이 컨셉도 정해서 무대,의상 정하고 곡 ,작사 다 하는데 걍 한마디로 예술적인 천재 아티스트임.이건 빼박 인정해야됨.근데 어이털리는건 존나 걍 씹어먹었는데 이곡이 6위 했다는거임 이런 개같은 ㅋㅋㅋ.....언냐들 ㅜㅜㅜㅜ제맘속엔 언제나 일위에요??제가 많이 사랑하는거 알죠?????",1,
역시 아이들은 개성,1,
"3:37 이부분 넘 좋아,,ㅎ",1,
대형방화를 지르네......,1,
난 타 그룹을 응원하는 사람인데 아이들 이 무대가 제일 좋았음.. 적어도 6등할 무대는 아니라고 생각함. 그런데 전 무대 덕분에 기대치가 상승하기도 하고 투애니원의 원곡이 너무 강렬해서 다소 묻힌 감이 있....지만 순위는 이해할 수 없따,1,
서...수...진...죽...도...록...사...랑...해...,1,
와.... 3년전 언프리티 소연언니 많이 변했네!?,1,
이거 거이 80퍼 라이브 아님? 막 박수소리 짤랑거리는 소리 들리는데?,1,
하도 많아 봐서 다른 출연자들 리액션까지 다 외웠다 아주...,1,
뭔가 허전했는데 그건 박봄파트..박봄 목소리가 워낙에 특이하면서도 파워풀하기도 한데 그에 비해 미연이 목소리는 예쁘지만 얇고 파워가 약해서 그런듯..그것만 빼면 정말 잘한다....,1,
팩 하고 이거 틀었다가 계속 웃어서 얼굴 가뭄남 ㅋㅋㅋㅋㅋㅋㅋㅋㅋㅋㅋㅋㅋㅋㅋㅋ하지만 괜찮앜ㅋㅋㅋㅋㅋㅋㅋㅋㅋㅋㅋ심장은 부서지다 못해 미세먼지임 ㅋㅋㅋㅋ,1,
아니 근데 뒷북이긴한데 아이들 아니면 현재 활동하는 그룹 중에 투에니원 이정도로 커버할 수 있는 그룹이 몇이나 됨?,1,
다른건 둘째치고 난 수진이 끼부리는게 그렇게 좋더라 나 여잔데 수진 끼부리는거 보고 설랬어 .. 나만그래?,1,
"난 되게 좋았는데.. 노래로는 향수를 불러일으키면서, 중간중간에 팀의 색깔도 넣었어. 근데 그 조절도 잘했어. 너무 편곡했으면 명곡이 가진 향수를 불러일으키기에 부족하고, 너무 따라했으면 오히려 2ne1을 보는게 나았을거고.. 난 2마리 토끼를 잡은 무대인거 같아.소연이 진짜 똑똑하다. 팀의 가지고 있는게 무엇인지, 개개인이 무얼 잘하는지, 곡이 가지는 느낌(?)이 무엇이고 무얼 원하는지 알고 있어..",1,
여러분! 참고로 이무대가 꼴등 했어요~!말이되요?,0,
이 영상의 싫어요 1.4만은 다 엠넷의 말도안되는 주작에 빡쳐서 누른거지? 이 무대를 싫어할 순 없잖아,0,
하...... 진짜 개잘했다... 본인들도 알겠지 선배니까 참는거지.... 이놈의 직장 선후배문화 없어져야한다 진짜... 소연아 수진아... 언니가 진짜 사랑해...,1,
조작도 조작인데 소연선장 생일에 그러진 말았어야지 ^^ㅣ,0,
이게 6위라니... 진심 희생양이라는 말이 맞는듯ㅠ...  조작 의도가 뭔지도 너무 잘보여서 ㅋㅋ,0,
아니 이게 도대체 왜 6위라는건지 아직도 의문..,0,
아이들 투애니원 커버인데 이정도면 못하긴 커녕 넘칠정도로 잘했는데.. 프로듀싱 능력부터 해서 코디까지 다 너무 잘 어울린다고 생각하는데 원곡이 모두의 뇌리에 새겨져있는 갓넘사벽 띵곡이라서....이렇게 원곡과 유사하게 가는게 더 의미가 있는 것 같음ㅜㅜ 투애니원......아흐흐흑.... 무대 보는 다른 그룹들과 관객들의 반응 보면 6위 할 무대가 아니라는건 명백한데 투표방식도 그렇고 연차가 어린 아이들에게 불리할 수밖에 없는듯ㅜㅜ그래도 이번에 빌보드 기사로 아이들 미국 활동 관련해서 떴으니까 데뷔 때부터 탄탄하게 쌓아둔 경험을 초식으로 더 높은 곳으로 갈만한 그룹이라고 생각함,0,
???:왜 컴백홈 뺑얼~~~!!,1,
슈화 모리가 촬랑촬랑 중독성개쩐당,1,
거기 당신 또 보러온거 알아 >_<,1,
유튜브대체뭥하냐ㅠㅜ 국가별 댓글 필터기능좀줘라..한국사람들과 공감하고싶은데 죄 영어야ㅠㅠㅜ,0,
와...... 무슨 댓글이 4.5만이야...............,1,
전소연 사랑해??????,1,
이게 꼴지라고??? 이게 2차경연 조회수도 제일많고 솔직히 퀸덤 음원성적 도 아이들이제일좋은데 어이가없네 이쯤되면 계속1등이목표 거리던 박봄 아이들 맥인거아니냐 엠넷아 ...-1달만에봤는데 감사합니다 700 ...,0,
뭐라구요? 이 무대가 6위라구요? 꼴등이라구요? 암넷아 대답 좀 해주실래요? 네???,0,
이게 꼴등...?????????????????,0,
암만 생각해도 모델어워즈였지만 여자아이들 실제로 본건 정말 엄청한 기억이였다 세뇨리따 딱히 내 스탈 노래도 아니었는데 그냥 무심하게 쳐다봤지만 속으로 와 씨 개멌있다 이생각까지 했었는데,1,
정소연 잘한다 어에,1,
아이들은 자기한테 어울리는 노래가 뭔지 아네ㅠㅠㅠㅠㅠ,1,
2500만회중에 1만회는 내가본걸듯ㅜㅜ,1,
아이들 무대보면서 항상 느끼는거지만 진짜 놀라운게 안무 자체는 어렵지않은데 동작이 딱딱 떨어지고 확실해서 오지게 화려해보임 결론: 아이들 미쳤다,1,
우기머리 잡아보고 싶다,1,
제발 음원 내 주세요 ㅠㅠㅠㅠㅠㅠㅠㅠㅠㅠㅠㅠㅠㅠㅠㅠㅠㅠㅠㅠ,1,
